year,flow_idx,from_node,to_node,flow_median,flow_ci_lo,flow_ci_hi,nodealloc_median,nodealloc_ci_lo,nodealloc_ci_hi,abs_diff,rel_diff,flow_ci_width,nodealloc_ci_width,intervals_overlap,material
2017,0,bauxite_mining,bauxite,230.19121223733916,129.488986702384,331.01836578583567,243.41963612440662,160.71467170722542,365.1388924008839,13.228423887067464,0.05746711074890326,201.52937908345166,204.42422069365847,True,True
2017,1,import_of_bauxite,bauxite,4353.063388165134,4065.078368735609,4639.301649123643,4383.419731635081,4098.507685149885,4692.261113352851,30.356343469947205,0.00697355879367122,574.2232803880343,593.7534282029656,True,True
2017,2,bauxite,export_bauxite,32.848293606733804,28.29530618812023,37.25152129341936,58.678062598776705,15.865274896512,210.29045967391804,25.8297689920429,0.7863351838388303,8.95621510529913,194.42518477740603,True,False
2017,3,bauxite,bauxite_non_aluminum_use,228.74016826102053,125.35816151250603,330.3427303717926,251.44325406581174,132.97727437225814,455.59603251460186,22.703085804791215,0.09925272844463512,204.98456885928655,322.6187581423437,True,True
2017,4,bauxite,bauxite_refining_to_alumina,4321.427506758122,4003.191474214028,4651.027329133668,4296.010694990884,3946.700699774593,4652.084103753364,-25.41681176723796,-0.005881577725760652,647.83585491964,705.3834039787707,True,True
2017,5,import_alumina,primary_smelting_hall_hauroult_to_aluminum,1316.622748278202,1225.4076933280855,1407.3375536556737,1321.0026273010674,1235.9980663103343,1415.4113193223113,4.3798790228654525,0.0033266013583565894,181.92986032758813,179.41325301197708,True,True
2017,6,bauxite_refining_to_alumina,waste_bauxite,2322.721112325833,1945.625344956386,2691.284657401453,2285.48031258211,1934.1009885949684,2645.96073396693,-37.24079974372307,-0.016033263548559377,745.6593124450669,711.8597453719617,True,True
2017,7,bauxite_refining_to_alumina,export_alumina,464.9366971130446,402.3554810724896,527.7241246960823,465.28776237234166,298.8258081479529,689.4529981184564,0.3510652592970587,0.0007550818455005731,125.36864362359267,390.62718997050354,True,True
2017,8,bauxite_refining_to_alumina,alumina_non_aluminum_use,779.6022355060929,630.0858794336724,923.8639362913318,769.4498001272177,554.4892668481806,1026.2886145428815,-10.152435378875225,-0.013022583718329882,293.7780568576594,471.79934769470094,True,True
2017,9,bauxite_refining_to_alumina,primary_smelting_hall_hauroult_to_aluminum,757.2796178534068,659.3842212094422,857.9296988817653,782.2409862658052,569.4293120320582,1057.5723335942014,24.96136841239843,0.03296189125379368,198.54547767232305,488.1430215621432,True,True
2017,10,primary_smelting_hall_hauroult_to_aluminum,waste_alumina,955.7347189898306,735.1054931100501,1290.1640468988319,1261.9619936214258,1013.5257784122654,1532.9116519724435,306.22727463159515,0.32041032783162243,555.0585537887818,519.3858735601781,True,True
2017,11,primary_smelting_hall_hauroult_to_aluminum,remelting,818.359171735467,521.9011243810745,907.0925525129381,585.6595258068746,398.25179285573114,831.6338010879656,-232.69964592859242,-0.2843490413080042,385.19142813186363,433.38200823223445,True,True
2017,12,primary_smelting_hall_hauroult_to_aluminum,refining,328.975147161368,117.62344246212554,418.11340324768236,245.72112326353215,135.1216270168677,420.1559015912412,-83.25402389783585,-0.2530708614806039,300.48996078555683,285.0342745743735,True,True
2017,13,import_unwrought_aluminum_ingot,remelting,3589.4566386566103,3284.9703125054866,3902.7523414962575,3561.571249114836,3173.5404755749973,3926.351590396767,-27.885389541774202,-0.00776869380213786,617.7820289907709,752.8111148217695,True,True
2017,14,import_unwrought_aluminum_ingot,refining,1588.6313015175697,1442.9797858586946,1737.5693442258093,1433.9958409225642,1181.4868136995237,1721.2567254330309,-154.6354605950055,-0.09733879752166981,294.5895583671147,539.7699117335071,True,True
2017,15,remelting,loss_remelting,144.23839580676898,55.242716794920135,345.90877473734474,232.27600013446838,90.5601451829497,555.842594152031,88.0376043276994,0.6103617822097815,290.66605794242463,465.2824489690813,True,True
2017,16,remelting,wrought_aluminum_ingot,9783.60607716317,8527.747280635384,10996.211924048308,9145.480912049228,8113.225771059644,10253.719206913405,-638.125165113941,-0.06522392255790517,2468.4646434129245,2140.493435853761,True,True
2017,17,refining,loss_refining,83.79282081287526,25.146108595733693,178.12098238959896,147.26482641664197,63.10856409379223,327.45220589768263,63.4720056037667,0.7574873955551793,152.97487379386527,264.3436418038904,True,False
2017,18,refining,cast_aluminum_ingot,2607.770010738942,2398.48829112685,2815.95499000853,2732.14200667592,2528.68043089409,2948.577158181932,124.37199593697824,0.04769285459408132,417.4666988816798,419.89672728784217,True,True
2017,19,alloying_element_si,remelting,336.278942201165,130.53480329730294,412.39687903205123,379.1194214064026,202.94707595110748,702.2762899007921,42.84047920523756,0.12739566422095502,281.86207573474826,499.32921394968463,True,True
2017,20,alloying_element_si,refining,137.40561887114228,38.19873179376335,194.74899659772765,174.59906219628522,89.02773416629041,338.05446248673906,37.19344332514294,0.27068356906148505,156.5502648039643,249.02672832044863,True,True
2017,21,alloying_element_mg,remelting,83.4095645253188,21.891969872489412,124.66111558460544,106.08800855992453,46.31770082511367,237.44550750897434,22.678444034605732,0.27189260804403,102.76914571211603,191.12780668386068,True,False
2017,22,alloying_element_mg,refining,0.40020370693092533,0.020801885373468828,0.9477036560267901,3.201183998821527,0.3884118053404127,22.80267209650675,2.800980291890602,6.998886425542399,0.9269017706533212,22.414260291166336,True,False
2017,23,alloying_element_other,remelting,21.073139195087315,5.603218271734818,34.959946370478015,24.56348489537176,10.8872446243639,53.385635930994,3.490345700284447,0.16563007855508,29.356728098743197,42.4983913066301,True,False
2017,24,alloying_element_other,refining,20.983419200211863,5.425194658568005,34.98167959231317,24.4811826447741,10.976858436871797,53.52519444098403,3.4977634445622385,0.16669177750244454,29.556484933745168,42.54833600411223,True,False
2017,25,import_scrap,eol_scrap_generated,719.2325206212241,650.546711214571,790.728748471433,720.3115996917155,653.1031795272346,793.9539356490687,1.0790790704913888,0.0015003201879127404,140.18203725686203,140.85075612183414,True,True
2017,26,eol_scrap_generated,export_eol_scrap,1572.366671214754,1420.304083207078,1729.4502993745489,1819.3341873310537,1384.2683395305803,2365.8338125753203,246.96751611629975,0.15706738169761733,309.1462161674708,981.56547304474,True,True
2017,27,eol_scrap_generated,loss_eol_scrap,1791.9093606452143,922.4407553713335,2619.034430255978,1803.4384220410848,1359.0315132413373,2339.61206458223,11.529061395870485,0.0064339534404347365,1696.5936748846443,980.5805513408925,True,True
2017,28,eol_scrap_generated,eol_scrap_recycled,2032.8399383943824,1738.3577064815472,2339.4802791055704,2299.6463063610367,1849.0713227813856,2855.80493310263,266.8063679666543,0.13124809431744466,601.1225726240232,1006.7336103212444,True,True
2017,29,eol_scrap_recycled,remelting,1410.2131780322443,1011.9946248638701,1786.1416729156076,1536.256023692088,1146.1522420266933,2048.371289782771,126.0428456598438,0.08937857596517358,774.1470480517376,902.2190477560775,True,True
2017,30,eol_scrap_recycled,refining,629.3626180727197,347.32039622893654,936.0991549326591,768.8270756581433,533.8409235523817,1065.6069011837544,139.4644575854236,0.22159634776609685,588.7787587037226,531.7659776313727,True,True
2017,31,forming_scrap_generated,loss_forming_scrap,69.25064570402911,20.117733104153782,145.7615198254169,93.97793010045181,30.25766720396091,290.38096864627397,24.727284396422704,0.3570693694627028,125.64378672126313,260.12330144231305,True,False
2017,32,forming_scrap_generated,forming_scrap_recycled,2703.2408193743304,1536.869319754936,3848.011194310985,2470.661775581891,1767.8798865809717,3450.6757041614546,-232.57904379243928,-0.08603711594080993,2311.141874556049,1682.795817580483,True,True
2017,33,forming_scrap_recycled,remelting,2714.101530007373,1551.4159047304008,3857.9174640913075,2315.458274028345,1524.33879859567,3280.699872932638,-398.64325597902825,-0.14687853478272248,2306.501559360907,1756.361074336968,True,True
2017,34,forming_scrap_recycled,refining,0.44709675195825765,0.023434440468713097,0.9668936346964269,137.68349278466223,22.193358439141935,622.7086192822507,137.23639603270396,306.9501074020703,0.9434591942277137,600.5152608431088,False,False
2017,35,fabrication_scrap_generated,loss_fabrication_scrap,40.144235768130585,11.68047331132332,82.95127614086587,48.88015874164515,23.29656804971518,102.21411572521606,8.735922973514562,0.21761338349974949,71.27080282954255,78.91754767550088,True,False
2017,36,fabrication_scrap_generated,fabrication_scrap_recycled,917.8542170559315,798.5118626659948,1038.0871382012376,882.0507908550105,772.5432171316965,999.2571328905487,-35.80342620092097,-0.03900774821927871,239.57527553524278,226.7139157588523,True,True
2017,37,fabrication_scrap_recycled,remelting,918.9439016903004,797.7477675595269,1039.8832293150988,774.2834441478278,430.56375850578723,939.7900782599434,-144.6604575424726,-0.15742033575323255,242.1354617555719,509.2263197541561,True,True
2017,38,fabrication_scrap_recycled,refining,0.4444056540274259,0.022168643696544105,0.9656774852339178,100.94159951529514,13.745288173526246,458.1229358221615,100.49719386126772,226.1384231962667,0.9435088415373737,444.3776476486352,False,False
2017,39,wrought_aluminum_ingot,1xxx,1504.1632073682808,675.6248693876263,2353.478190329005,867.6972556345006,292.19224655136213,2169.5470654252713,-636.4659517337802,-0.42313623190355515,1677.8533209413786,1877.3548188739092,True,True
2017,40,wrought_aluminum_ingot,2xxx,159.68154381487204,85.00270041844645,205.39400475743915,180.3346566835151,98.93755709706427,324.0247129010539,20.653112868643063,0.12933938622604627,120.3913043389927,225.08715580398962,True,True
2017,41,wrought_aluminum_ingot,3xxx,1821.978375819388,910.6799672463744,2906.451186321684,1733.3425570232646,777.2766589345948,3379.3478408372225,-88.63581879612343,-0.048648117876954354,1995.7712190753095,2602.071181902628,True,True
2017,42,wrought_aluminum_ingot,4xxx,84.48113892301774,40.946475052292186,119.03635513057543,91.78255607441457,47.66226395412976,168.40500796351125,7.301417151396834,0.08642659467517534,78.08988007828324,120.74274400938148,True,False
2017,43,wrought_aluminum_ingot,5xxx,2366.9006906659506,990.2142832786317,3904.968781061656,1836.7270418597836,798.2387254244595,3783.602530921939,-530.173648806167,-0.2239948853354711,2914.7544977830244,2985.3638054974795,True,True
2017,44,wrought_aluminum_ingot,6xxx,3150.4088359074103,2126.4911369892925,4206.707004269903,3413.2129941356434,2462.8661033931508,4482.334433913215,262.80415822823306,0.08341906460928832,2080.215867280611,2019.4683305200647,True,True
2017,45,wrought_aluminum_ingot,7xxx,521.3507569431644,332.4425949006632,610.010815374933,468.2544677914335,247.50416819434543,857.8835392194462,-53.09628915173084,-0.1018436982101077,277.5682204742698,610.3793710251008,True,True
2017,46,wrought_aluminum_ingot,8xxx,77.21318624921406,40.04008064370857,122.20100601097931,98.98417163304052,55.197110932824685,180.01162243944862,21.770985383826456,0.2819594222359663,82.16092536727075,124.81451150662393,True,False
2017,47,cast_aluminum_ingot,36x,142.67145828052008,122.40230166478383,162.4680221819409,148.83115708339074,123.92289062127077,178.30537270318558,6.1596988028706505,0.04317400885297937,40.065720517157075,54.382482081914816,True,True
2017,48,cast_aluminum_ingot,38x,1305.1476990287179,1115.050751535056,1488.9789200468847,1391.6936696901234,1226.4239839185236,1572.5311322975244,86.54597066140559,0.06631124640208347,373.92816851182874,346.1071483790008,True,True
2017,49,cast_aluminum_ingot,2xx,5.779061637041237,5.116263704985541,6.471391649994952,5.811005181026882,5.037132886569271,6.742010069581204,0.03194354398564503,0.005527462067699883,1.3551279450094107,1.7048771830119334,True,False
2017,50,cast_aluminum_ingot,3xx,554.4012053761628,487.6839842343547,620.5875798524851,571.3641390393914,501.9132077168537,647.9509205501588,16.96293366322857,0.030596855668304633,132.9035956181304,146.03771283330508,True,True
2017,51,cast_aluminum_ingot,4xx,7.8528086468922975,6.937501013506927,8.780220352440763,7.907451553603142,6.852728433550316,9.120544967256762,0.054642906710844485,0.006958390197431984,1.8427193389338354,2.267816533706447,True,False
2017,52,cast_aluminum_ingot,5xx,44.70057022861721,39.33841859469842,49.937377829898786,44.97915650316344,38.74506960894267,51.88628882080746,0.2785862745462282,0.006232275631416395,10.598959235200368,13.141219211864787,True,False
2017,53,cast_aluminum_ingot,7xx,7.994039888245116,7.059874950870284,8.936173890868918,8.046892175346066,6.937963212845646,9.293172119110517,0.05285228710095069,0.0066114615188082385,1.8762989399986347,2.3552089062648713,True,False
2017,54,cast_aluminum_ingot,other,280.1949822361928,248.436397354966,311.31856781133064,286.1682024648816,252.05666343860187,324.1995483535156,5.973220228688774,0.021318084217702357,62.88217045636463,72.14288491491371,True,True
2017,55,36x,die_cast,142.7408827140988,122.86040246768701,162.59857469676953,149.22816775374173,124.34043128704806,179.03423197122655,6.487285039642927,0.04544798179955605,39.73817222908252,54.693800684178484,True,True
2017,56,38x,die_cast,1305.5981486811907,1118.820540329635,1490.1284863716762,1396.2611700038872,1235.4919113119527,1580.543336335422,90.66302132269652,0.06944175082836702,371.3079460420413,345.0514250234694,True,True
2017,57,2xx,sand_cast,1.9273979981816987,1.5531210374271753,2.2920057217900798,1.9598693338259032,1.5165927709851803,2.4981917945179983,0.03247133564420457,0.01684723947769891,0.7388846843629044,0.981599023532818,True,False
2017,58,3xx,sand_cast,186.52240137181744,150.76648621573284,221.93614344094001,192.58848054070106,151.5107168941515,241.09987083925242,6.066079168883618,0.03252198730162913,71.16965722520717,89.58915394510092,True,True
2017,59,4xx,sand_cast,2.6178814452522916,2.1208423946312496,3.1077878572919286,2.6468696612781875,2.062641136163407,3.39854445102475,0.028988216025895852,0.011073158442093693,0.9869454626606791,1.3359033148613428,True,False
2017,60,5xx,sand_cast,14.89317655333679,12.085060464857516,17.626558330105702,15.123528243300994,11.76621631055871,19.301537498081256,0.23035168996420374,0.015466928035080188,5.541497865248186,7.5353211875225465,True,False
2017,61,7xx,sand_cast,2.661708484006084,2.1458550090775024,3.1697688041517167,2.705590841985365,2.109617583299578,3.453447439514967,0.04388235797928086,0.016486537967236144,1.0239137950742143,1.3438298562153888,True,False
2017,62,other,sand_cast,84.90770230761194,69.0599311362108,101.3828161909867,85.79399056961981,66.63024421405055,108.8763948831365,0.8862882620078665,0.010438255163199853,32.322885054775895,42.24615066908595,True,False
2017,63,2xx,permanent_semi_permanent_mold_cast,3.8514858318930476,3.197720485460551,4.491619402720335,3.8648301702281254,3.2402846148415736,4.601799751514113,0.013344338335077754,0.003464724762733676,1.2938989172597841,1.3615151366725393,True,False
2017,64,3xx,permanent_semi_permanent_mold_cast,368.5734193879946,305.92560089749907,429.70202354139866,379.89611449669724,322.68367712694675,445.63486914218396,11.322695108702646,0.030720324671007614,123.7764226438996,122.95119201523721,True,True
2017,65,4xx,permanent_semi_permanent_mold_cast,5.243365187666818,4.379273043542641,6.115748803100606,5.269126266858116,4.410543698140562,6.236858668286515,0.02576107919129811,0.004913081250165835,1.7364757595579654,1.826314970145953,True,False
2017,66,5xx,permanent_semi_permanent_mold_cast,29.823800722571402,24.807649475610567,34.776442298519456,29.920639991484805,24.929251409349252,35.55218304406177,0.09683926891340278,0.0032470465389111986,9.968792822908888,10.622931634712518,True,False
2017,67,7xx,permanent_semi_permanent_mold_cast,5.339525953947119,4.452827660043787,6.222215477990229,5.362735040836097,4.447058675578292,6.389172910207316,0.02320908688897827,0.004346656817319429,1.7693878179464422,1.9421142346290239,True,False
2017,68,other,permanent_semi_permanent_mold_cast,169.8466588543239,141.52015579932004,198.68208733069278,169.43416758280347,141.8721459664091,200.21001711344326,-0.4124912715204232,-0.0024286098667046117,57.161931531372744,58.33787114703415,True,True
2017,69,other,other_cast,25.136031646772977,20.265868892849138,29.989764322102307,30.795542975405418,19.791689044957213,46.84383058579831,5.6595113286324406,0.22515532316967868,9.723895429253169,27.052141540841095,True,False
2017,70,cast_aluminum_ingot,export_cast_aluminum_ingot,268.0456032276519,215.02126225755575,319.6326155572077,273.42302986187536,178.5202163378384,415.15887484588586,5.377426634223468,0.0200616110448057,104.61135329965197,236.63865850804746,True,True
2017,71,wrought_aluminum_ingot,export_wrought_aluminum_ingot,127.41539403635718,4.339305819976244,565.3244010220968,125.05133771442146,18.702543805195027,797.0172235765017,-2.3640563219357205,-0.018553930157459247,560.9850952021205,778.3146797713067,True,True
2017,72,die_cast,scrap_cast,524.577067510417,153.88825989569415,909.3394441441163,532.3147822673949,332.0840107184622,816.1528624285424,7.73771475697788,0.014750386999760001,755.4511842484221,484.06885171008025,True,True
2017,73,scrap_cast,die_cast,524.6343352926698,155.0944813480661,909.5193334160183,554.8033007407319,354.3212740189188,863.8754925503249,30.168965448062067,0.05750474839057601,754.4248520679522,509.5542185314061,True,True
2017,74,sand_cast,scrap_sand_cast,197.4734347486338,56.091874155805186,336.6687410347671,175.99729894471875,104.70708392001785,283.96663860774515,-21.476135803915042,-0.1087545564356657,280.57686687896194,179.2595546877273,True,True
2017,75,scrap_sand_cast,sand_cast,197.38769580325402,56.51452827082063,336.63564810748517,182.5372827596583,112.31337055596472,299.4471926538968,-14.850413043595722,-0.0752347454240403,280.12111983666455,187.1338220979321,True,True
2017,76,permanent_semi_permanent_mold_cast,scrap_semi_permanent_mold_cast,197.0078394399283,55.890429053301425,336.14524062666845,179.46500024099726,101.40429010775097,294.97549432130313,-17.542839198931034,-0.08904640164981964,280.254811573367,193.57120421355216,True,True
2017,77,scrap_semi_permanent_mold_cast,permanent_semi_permanent_mold_cast,197.24222990712735,56.56544905789867,336.1073182108548,185.8720400137056,108.6129695962937,313.4261192234938,-11.370189893421752,-0.05764581904582742,279.54186915295617,204.81314962720012,True,True
2017,78,other_cast,scrap_other_cast,16.87102150294151,4.906961510696222,28.94648615483143,8.10600160963419,3.744336718563886,16.86505947555718,-8.76501989330732,-0.519531072364475,24.039524644135206,13.120722756993295,True,False
2017,79,scrap_other_cast,other_cast,16.8832582692878,4.920911406440916,28.999112329043847,8.143476215066304,3.8259362999417332,17.332432298053416,-8.739782054221497,-0.5176596788855599,24.07820092260293,13.506495998111681,True,False
2017,80,die_cast,export_cast_semifinished_products,17.989870165168327,14.545137576043357,21.46231483445595,38.617975221483164,8.442321741970721,168.36480685707585,20.628105056314837,1.1466511357182896,6.9171772584125915,159.92248511510513,True,False
2017,81,1xxx,rolling,1092.6102098115744,305.5465976691362,1908.8065509463372,577.1235124157711,191.2874228012502,1647.7453836054044,-515.4866973958033,-0.4717937767437679,1603.259953277201,1456.4579608041543,True,True
2017,82,1xxx,extrusion,278.64468670724875,71.8387778341396,476.4960714764619,160.06019318328072,44.93779764451832,507.09049237588766,-118.58449352396804,-0.4255760083756987,404.6572936423223,462.15269473136937,True,True
2017,83,1xxx,drawing,75.55385819990929,57.47147578943962,140.50651900784874,116.35150334676906,47.64924196830297,291.6782396549581,40.79764514685978,0.5399809634990786,83.03504321840911,244.02899768665512,True,False
2017,84,1xxx,other_milling_processes,57.15611165528135,14.270475193327446,94.43816240996289,34.755776553624656,8.482599990113314,143.66867571362974,-22.400335101656694,-0.3919149580495799,80.16768721663544,135.1860757235164,True,False
2017,85,2xxx,rolling,69.70403094933482,26.70691900778278,146.02337808183682,92.77238171690237,47.69627157005999,174.96300227168868,23.06835076756755,0.33094715547132486,119.31645907405405,127.26673070162869,True,False
2017,86,2xxx,extrusion,68.55566111727222,24.087549530161034,142.67484565687278,83.03663452407264,42.82544988734351,157.78754394981715,14.480973406800416,0.21122943270912478,118.58729612671175,114.96209406247364,True,False
2017,87,2xxx,drawing,2.8623485603700187,0.77115590905372,5.171850685924438,4.842929148490514,0.9571132337373667,21.51012232757741,1.9805805881204952,0.6919424893048188,4.4006947768707185,20.553009093840043,True,False
2017,88,2xxx,other_milling_processes,5.914128194932125,1.5478963683310225,10.45314437838116,7.096550436851813,1.753490210478749,27.083254388491564,1.1824222419196877,0.19993179094983382,8.905248010050137,25.329764178012816,True,False
2017,89,3xxx,rolling,1411.4682766400715,553.4355695642182,2494.241870363107,1456.4953202249021,695.4965416004667,3052.0191681927813,45.02704358483061,0.031900854117681766,1940.8063007988887,2356.5226265923147,True,True
2017,90,3xxx,extrusion,354.0167531863121,93.36129087268945,624.1517293417932,252.87058753931274,91.48923371518671,668.7640772903452,-101.14616564699935,-0.2857101104301923,530.7904384691037,577.2748435751585,True,True
2017,91,3xxx,drawing,28.314267722718863,11.934229203607208,73.22864325332488,36.16215217049485,9.134754657307647,139.06412554568882,7.847884447775986,0.2771706662037028,61.294414049717666,129.9293708883812,True,False
2017,92,3xxx,other_milling_processes,18.269241903177228,4.710489552965294,31.34836856993885,28.85930863315022,5.006194961574358,158.14936166253673,10.590066729972992,0.5796664572125053,26.637879016973557,153.14316670096238,True,False
2017,93,4xxx,rolling,21.28418685792922,5.8054859134381855,41.130064746562454,20.794365025159717,9.452514710180647,44.25002534463152,-0.4898218327695041,-0.02301341536038177,35.32457883312427,34.79751063445087,True,False
2017,94,4xxx,other_milling_processes,61.773551633792124,22.061583589640986,102.85667672816837,75.44458527730868,38.62992070706614,140.65945264579838,13.671033643516552,0.2213088495309707,80.79509313852738,102.02953193873225,True,False
2017,95,5xxx,rolling,2138.5056385815024,761.4772745026006,3677.2010615499826,1637.7313504719418,771.5139023008986,3624.875135023545,-500.77428810956053,-0.2341701976721139,2915.723787047382,2853.3612327226465,True,True
2017,96,5xxx,extrusion,169.56687560535113,43.64357726651579,294.9020564410171,151.39509044192093,43.75438630037882,508.42660467469494,-18.1717851634302,-0.10716589014544974,251.25847917450133,464.6722183743161,True,True
2017,97,5xxx,drawing,35.92515992073224,20.018638032537453,89.1269261882404,53.92299077849228,17.07938210181274,173.82761945820855,17.997830857760036,0.5009812314676315,69.10828815570295,156.7482373563958,True,False
2017,98,5xxx,other_milling_processes,23.89245930394113,6.020808051827402,40.193136889926805,33.3966100889712,6.279715201296246,164.22179747234082,9.50415078503007,0.3977887191990459,34.1723288380994,157.94208227104457,True,False
2017,99,6xxx,rolling,929.0911483535558,252.30517610605827,1722.2669763826784,1070.0091795793276,611.0350840797249,1793.5506132997527,140.91803122577176,0.15167298867876727,1469.9618002766201,1182.515529220028,True,True
2017,100,6xxx,extrusion,2161.0827677585203,1439.0576659441736,2884.3993055392393,2381.3854534801267,1833.8410103259523,3044.447368853894,220.3026857216064,0.10194088306488364,1445.3416395950658,1210.606358527942,True,True
2017,101,6xxx,drawing,41.258563890952516,24.507835255754905,97.84306624874571,74.74125879208341,26.843328151942682,210.45736374042565,33.4826949011309,0.8115332125865203,73.3352309929908,183.61403558848298,True,False
2017,102,6xxx,other_milling_processes,6.024370929736069,1.5619595599758125,10.465585028318673,36.30611410637204,6.256162382939392,207.82933619371647,30.281743176635974,5.026540286084714,8.90362546834286,201.5731738107771,True,False
2017,103,7xxx,rolling,153.07223299398825,68.13930815479821,336.5338326589974,176.31502767411723,84.69431353990281,359.43101237093913,23.24279468012898,0.1518420044283395,268.39452450419924,274.73669883103634,True,True
2017,104,7xxx,extrusion,146.57023484207596,59.98101721141126,325.43925172278927,156.5628057969937,71.75518495272233,321.45265226699405,9.992570954917738,0.06817599061422236,265.458234511378,249.6974673142717,True,True
2017,105,7xxx,drawing,2.9063749533686263,0.7587192429459049,5.173472455372198,7.810338957141937,1.2308962021763996,49.950156789033095,4.903964003773311,1.687312918138585,4.414753212426293,48.71926058685669,True,False
2017,106,7xxx,other_milling_processes,173.7678677606582,69.5412807179015,327.9308668689022,144.13813608158125,75.82281104668216,278.97732586929914,-29.62973167907694,-0.17051329489689027,258.38958615100074,203.154514822617,True,True
2017,107,8xxx,rolling,7.053692462770905,1.861713636070308,12.19874394870613,8.955626453135146,3.2606718755374455,23.99668370059065,1.901933990364241,0.26963664781283975,10.337030312635823,20.736011825053204,True,False
2017,108,8xxx,extrusion,36.76880884464084,9.665994918183593,61.32122213411163,38.16782017420306,19.31894370772902,76.61950960490977,1.3990113295622209,0.03804886188925674,51.655227215928036,57.300565897180746,True,False
2017,109,8xxx,drawing,28.61588315046222,10.7547206760318,69.15865304712665,51.10691588297054,27.346978547325314,94.76515018764596,22.49103273250832,0.7859632573368622,58.40393237109485,67.41817164032065,True,False
2017,110,8xxx,other_milling_processes,3.005118161486176,0.7635670166811647,5.227607170395299,4.697146947302395,1.3434043443892743,16.55581143415706,1.6920287858162188,0.5630490033641237,4.464040153714134,15.212407089767787,True,False
2017,111,die_cast,building_construction,19.26621394590363,4.82783964540366,33.051029171342066,40.59891711934627,9.071795264500834,170.56126591758579,21.33270317344264,1.1072597466913516,28.223189525938405,161.48947065308496,True,False
2017,112,die_cast,transportation_auto,1005.2161521432013,757.6243503848372,1261.5693371510426,919.303741005579,718.8035026834525,1151.302558961048,-85.91241113762226,-0.08546660432629352,503.9449867662055,432.4990562775954,True,True
2017,113,die_cast,transportation_other,152.29670494724135,39.77686636145575,265.7382587764945,161.43465282532333,77.50300531247143,316.6665774623177,9.137947878081974,0.060000955905431724,225.96139241503874,239.1635721498463,True,True
2017,114,die_cast,machine_industry,36.18462540104078,9.510542101666163,62.67194282588393,57.642928206269524,16.473642568146023,192.1467929000181,21.45830280522874,0.5930226599668359,53.16140072421777,175.67315033187208,True,False
2017,115,die_cast,electrical_equipment,46.89916173503926,12.056963862054953,81.96764504614393,65.70779334852992,20.590096498121614,194.59267218465783,18.80863161349066,0.4010440894392015,69.91068118408897,174.0025756865362,True,False
2017,116,die_cast,consumer_durables,92.44669320947006,24.29283908286401,165.5256169142424,105.45038746892592,44.79258111017715,253.4495135541572,13.00369425945587,0.1406615402672272,141.23277783137837,208.65693244398005,True,False
2017,117,die_cast,other_end_uses,74.32111947627598,19.576225912812802,129.16512643318424,94.39196382907112,34.703050793806845,233.11804925496094,20.070844352795135,0.2700557323978676,109.58890052037144,198.41499846115408,True,False
2017,118,sand_cast,transportation_auto,206.7095866139853,150.78130002410603,263.1250236664175,191.35348361857066,139.90245802987178,247.31468630165367,-15.35610299541463,-0.0742882961886572,112.34372364231149,107.41222827178188,True,True
2017,119,sand_cast,transportation_other,41.4176147309243,10.885169170583215,72.74624112336613,38.95862269614804,17.5869878097631,80.77468817510322,-2.4589920347762586,-0.05937068203351319,61.86107195278292,63.18770036534012,True,False
2017,120,sand_cast,machine_industry,5.937224333166987,1.5204379459804875,10.406444862869003,11.402909037927138,2.5636996849186127,49.507103516945485,5.465684704760151,0.9205791120654336,8.886006916888515,46.943403832026874,True,False
2017,121,sand_cast,electrical_equipment,7.9444159598173405,2.0800015727737935,13.950340239266799,12.36615300306813,3.1827889393644875,49.633375012266626,4.421737043250789,0.5565842807848715,11.870338666493005,46.45058607290214,True,False
2017,122,sand_cast,consumer_durables,15.70341587647964,4.122080259675836,27.817401841856846,18.525997389255295,6.1814975992313554,54.611713454023864,2.8225815127756544,0.17974315492741155,23.69532158218101,48.43021585479251,True,False
2017,123,sand_cast,other_end_uses,15.162257900728463,3.8169681402314217,26.17632145796313,18.28406549093421,5.6360525239629,54.37663840414349,3.121807590205748,0.20589331817497725,22.35935331773171,48.74058588018059,True,False
2017,124,permanent_semi_permanent_mold_cast,transportation_auto,389.9652995955271,282.221506370314,492.5732991785872,373.7887755869202,287.66803876645395,465.4118970393421,-16.17652400860686,-0.04148195756234001,210.35179280827322,177.74385827288813,True,True
2017,125,permanent_semi_permanent_mold_cast,transportation_other,69.79648570710489,18.03777490770224,121.9423408214335,62.610050798999396,28.45020788548031,133.18845495707345,-7.186434908105497,-0.10296270414333995,103.90456591373126,104.73824707159314,True,False
2017,126,permanent_semi_permanent_mold_cast,machine_industry,18.164815105834165,4.5658255570759145,31.407234787854126,24.563883990567273,6.4855499955427165,85.98712518516908,6.399068884733108,0.3522782284019978,26.84140923077821,79.50157518962637,True,False
2017,127,permanent_semi_permanent_mold_cast,electrical_equipment,23.69881279167499,6.038482743243134,41.69107214181761,29.53441513622286,8.708178927512732,88.68435141935707,5.835602344547873,0.2462402819856793,35.65258939857447,79.97617249184434,True,False
2017,128,permanent_semi_permanent_mold_cast,consumer_durables,46.432857556734554,11.98950564788251,83.16780642509924,46.49134619403358,18.554381557751288,110.49200888856173,0.05848863729902831,0.0012596389793060497,71.17830077721673,91.93762733081044,True,False
2017,129,permanent_semi_permanent_mold_cast,other_end_uses,34.835707167201164,8.718936020483861,59.037865612363916,36.916140239453355,12.804171700219563,101.69935449090092,2.080433072252191,0.05972128145028672,50.31892959188006,88.89518279068136,True,False
2017,130,other_cast,other_end_uses,25.14059349754256,20.17516336440028,30.126231570524368,30.603982158674985,19.827516632303656,47.247713894665225,5.463388661132424,0.21731343222531552,9.951068206124088,27.42019726236157,True,False
2017,131,import_mill_semifinished_products,rolling,1131.4813192490033,1026.8422468996523,1241.7085944295552,1128.5587985276607,934.67059450724,1309.0366624168823,-2.9225207213426074,-0.0025829155741452,214.8663475299029,374.3660679096423,True,True
2017,132,import_mill_semifinished_products,extrusion,0.38917011758151066,0.018634556936601286,0.9544422560652261,19.057308271612794,2.648151232937625,123.2942892044838,18.668138154031283,47.96909451846927,0.9358076991286248,120.64613797154618,False,False
2017,133,import_mill_semifinished_products,drawing,224.67394721983914,201.9106586268971,246.1501574996215,170.6109438370677,103.53308977314872,278.46166620245924,-54.06300338277143,-0.24062871575346392,44.239498872724425,174.9285764293105,True,True
2017,134,import_mill_semifinished_products,other_milling_processes,0.40189774725377236,0.02135756804188665,0.9532167636351939,15.360357476893807,2.122625907822165,110.44085229007368,14.958459729640035,37.219566001186706,0.9318591955933073,108.31822638225151,False,False
2017,135,import_mill_semifinished_products,sheet_plate,0.39936640600468853,0.01806387834784863,0.9551749262668487,18.74992386613272,2.642195535267428,126.80091966183178,18.35055746012803,45.949176456050225,0.9371110479190001,124.15872412656435,False,False
2017,136,import_mill_semifinished_products,foil,206.19262092388925,185.58864507596567,226.21376069891633,213.36476398924736,124.092209934982,341.67725081203525,7.172143065358114,0.034783703864967735,40.62511562295066,217.58504087705325,True,True
2017,137,import_mill_semifinished_products,extruded_products,0.40044043292459736,0.018667327992383482,0.9522562573146189,19.293888066398836,2.8498565686640176,127.60506121192913,18.89344763347424,47.18166818342208,0.9335889293222355,124.7552046432651,False,False
2017,138,import_mill_semifinished_products,wire,301.8599438680017,272.91337600211256,331.3043487641148,181.65113918155257,120.94040896323918,264.65727143528335,-120.20880468644916,-0.39822708222265635,58.390972762002264,143.71686247204417,False,True
2017,139,import_mill_semifinished_products,forging_impacts,0.40157676920638496,0.018765980323143163,0.9510451614246175,10.976220520111045,1.63631745665904,70.72029217820268,10.574643750904661,26.332807477391615,0.9322791811014743,69.08397472154364,False,False
2017,140,import_mill_semifinished_products,powerder_paste,15.017278663539793,13.541694075624708,16.491217277210797,17.198782780528916,5.471243219525873,54.75093367921922,2.1815041169891227,0.14526627399447287,2.9495232015860893,49.27969045969335,True,False
2017,141,rolling,scrap_rolling,1695.9994639632723,605.1804128890105,2696.850362225377,1489.35480821786,880.966277389883,2387.3976530012064,-206.64465574541236,-0.12184240628385444,2091.6699493363667,1506.4313756113233,True,True
2017,142,rolling,sheet_plate,4589.03661981679,4176.763939207514,5027.9828713500565,3794.977545640734,3231.0097713057253,4412.034168464573,-794.0590741760561,-0.17303393717694013,851.2189321425421,1181.0243971588475,True,True
2017,143,rolling,foil,436.9747653959604,350.6124061070834,525.7931995270792,435.3887226155849,317.79640704976543,595.292596746182,-1.5860427803754646,-0.003629598104911819,175.18079341999578,277.49618969641654,True,True
2017,144,rolling,export_milling_semifinished_products,340.47705202093164,227.48651980811553,769.838088383742,572.2245393273158,309.3156823639561,1028.2985936387838,231.7474873063842,0.6806552333874677,542.3515685756265,718.9829112748278,True,True
2017,145,scrap_rolling,forming_scrap_generated,1698.9932941628463,604.9856160717827,2700.5688047370218,1497.9181572146008,905.6450408332039,2459.8103184143547,-201.07513694824547,-0.11834957656340972,2095.583188665239,1554.1652775811508,True,True
2017,146,extrusion,scrap_extrusion,716.3286412296684,211.87131270020146,1248.1816301993485,739.3005141668723,432.6575517912754,1163.587380510946,22.971872937203898,0.032068901918775414,1036.310317499147,730.9298287196707,True,True
2017,147,extrusion,extruded_products,2386.2719512764716,2176.104951686053,2602.1901815911224,2346.873271568848,2099.140918823577,2602.3020219612495,-39.398679707623614,-0.016510557267602446,426.08522990506935,503.1611031376724,True,True
2017,148,extrusion,export_milling_semifinished_products,122.58959769711069,48.605609732243565,323.69014271210534,181.62383259144497,76.4822826147075,431.38731088634626,59.034234894334276,0.4815599039666777,275.08453297986176,354.90502827163874,True,True
2017,149,scrap_extrusion,forming_scrap_generated,716.8620590370466,212.15000699979123,1248.737152973522,744.5228790378777,446.20988844207966,1198.9537781349288,27.66082000083111,0.03858597292481569,1036.5871459737307,752.7438896928492,True,True
2017,150,drawing,scrap_drawing,191.83296503803416,134.76595294429546,211.1610537360626,138.15337817213407,80.48410894936062,232.54855574123252,-53.67958686590009,-0.27982462167155264,76.39510079176713,152.0644467918719,True,True
2017,151,drawing,wire,223.49270355600817,159.5962427518329,290.6742365729725,331.55144866910905,256.7414593206358,428.30859162562274,108.05874511310088,0.4835001026600447,131.07799382113961,171.56713230498696,True,True
2017,152,drawing,export_milling_semifinished_products,55.036166181869035,17.93087317613892,72.91550086349223,49.75714938567384,19.25116454898629,117.33599102816642,-5.279016796195194,-0.09591905037045075,54.98462768735331,98.08482647918012,True,False
2017,153,scrap_drawing,forming_scrap_generated,191.75958040933978,134.48602461008338,211.0764464372833,139.6428491428294,83.2954894977905,239.74445189364684,-52.116731266510385,-0.27178162965969865,76.59042182719992,156.44896239585634,True,True
2017,154,other_milling_processes,scrap_other_milling_processes,165.17897407252343,58.64462845118587,317.04900518747945,197.6274966441229,117.55907253646626,314.00896315094127,32.44852257159948,0.19644463076367483,258.40437673629356,196.449890614475,True,True
2017,155,other_milling_processes,forging_impacts,143.98259316955847,125.55870255570886,163.30337542271465,135.00656747651223,107.83833048635302,164.24001826053455,-8.976025693046239,-0.06234104759091112,37.74467286700579,56.40168777418154,True,True
2017,156,other_milling_processes,powerder_paste,39.76738227888224,29.306947395310864,50.280655254292604,38.42700615784541,22.326191829503237,63.344541972477,-1.340376121036826,-0.033705414946273916,20.97370785898174,41.018350142973766,True,False
2017,157,other_milling_processes,export_milling_semifinished_products,0.39045508137388285,0.017157820789962936,0.956424306858405,8.159042165524248,1.0955285039659153,57.6384328707659,7.768587084150365,19.896237633315632,0.939266486068442,56.54290436679998,False,False
2017,158,scrap_other_milling_processes,forming_scrap_generated,165.29844835953878,58.4856642749208,317.1507318609913,201.40393115078706,123.31905198586841,326.1158824610456,36.10548279124828,0.21842602365338393,258.6650675860705,202.7968304751772,True,True
2017,159,sheet_plate,scrap_sheet_plate,823.7241012139458,705.424198007367,941.2956412324679,779.0267903484489,670.4457808457829,899.4025626517779,-44.69731086549689,-0.054262477933600804,235.87144322510096,228.95678180599498,True,True
2017,160,sheet_plate,building_construction,215.89961165243642,115.88138426864634,569.0515635007912,373.0975760567817,233.24732203129759,594.7389834302808,157.19796440434527,0.728106749248853,453.17017923214485,361.4916613989832,True,True
2017,161,sheet_plate,transportation_auto,809.6920145967151,645.4708482283227,975.2649500745744,576.2826507178447,386.5437329078006,832.0466528344004,-233.4093638788704,-0.2882693168156352,329.7941018462517,445.5029199265999,True,True
2017,162,sheet_plate,transportation_other,569.8669202714915,454.50738925586927,682.6913485770276,404.66375764707817,255.7967469889963,626.9233802202873,-165.20316262441332,-0.28989779323514436,228.18395932115834,371.126633231291,True,True
2017,163,sheet_plate,machine_industry,279.9289777015679,223.59679331515218,335.4895465033241,207.54363923186241,109.7589324112103,387.9840472308167,-72.38533846970546,-0.2585846562368953,111.89275318817192,278.2251148196064,True,True
2017,164,sheet_plate,electrical_equipment,150.36085946716557,121.79421626021126,179.9280624909784,117.91415244451737,50.0068814232101,262.4973975635817,-32.4467070226482,-0.21579224232709054,58.13384623076713,212.49051614037162,True,True
2017,165,sheet_plate,consumer_durables,274.81597413233465,220.15096394930995,329.44672329214524,194.03605721407672,100.92057349533017,358.7288512737044,-80.77991691825792,-0.2939418539016922,109.29575934283528,257.8082777783742,True,True
2017,166,sheet_plate,container_packages,1421.0308565076534,1127.6456818953154,1724.7422211247683,1107.5762061054784,821.5115988449046,1456.548136064682,-313.45465040217505,-0.22058257846175547,597.0965392294529,635.0365372197774,True,True
2017,167,sheet_plate,other_end_uses,32.9109126187218,26.48101145073391,39.20955526821605,43.26642404328794,10.435437114218772,164.55289241660216,10.355511424566139,0.31465281879406987,12.72854381748214,154.1174553023834,True,False
2017,168,scrap_sheet_plate,fabrication_scrap_generated,824.5746241147558,708.0131703120825,941.2852824230866,795.2521660250402,689.0243450735251,916.0614566200533,-29.32245808971561,-0.035560708797212286,233.27211211100416,227.0371115465282,True,True
2017,169,foil,scrap_foil,31.040464165362856,25.272029249085847,36.9534821326239,30.9014000006848,25.51304359647781,36.885236626095256,-0.13906416467805727,-0.004480092950196115,11.68145288353805,11.372193029617446,True,False
2017,170,foil,building_construction,16.53338890249033,4.336896194201054,29.336208840709464,19.489262253849436,8.322382633381602,46.48787055868036,2.955873351359106,0.17878206148733847,24.99931264650841,38.16548792529876,True,False
2017,171,foil,transportation_auto,35.86237914699055,29.235683233755786,42.737502848724866,37.321711298887436,20.082633161480548,68.52881915874941,1.4593321518968878,0.04069256381221852,13.50181961496908,48.44618599726887,True,False
2017,172,foil,transportation_other,11.025702686776775,8.945981902147434,13.150566432212967,14.141434389593876,4.784801412224552,38.71474088615868,3.1157317028171008,0.282588039178113,4.204584530065533,33.92993947393413,True,False
2017,173,foil,machine_industry,2.996075235853018,2.428770377466246,3.566071644367945,6.490037393772226,1.4756362061980357,27.938492188381375,3.4939621579192086,1.166179712748247,1.1373012669016993,26.46285598218334,True,False
2017,174,foil,electrical_equipment,5.010324319615128,4.057649748502391,5.955087452383283,8.206008834985354,2.3228166946876234,30.40347752173381,3.1956845153702265,0.6378198917900998,1.8974377038808914,28.080660827046184,True,False
2017,175,foil,consumer_durables,134.57500477053856,108.93957308412841,160.33313871906182,129.62214207150754,91.30474747857549,178.92102516717063,-4.952862699031016,-0.036803734151643196,51.39356563493341,87.61627768859513,True,True
2017,176,foil,container_packages,405.44535291227464,325.9098332954066,485.5038108275315,395.0846065998072,323.55861086372937,473.77735335043445,-10.360746312467427,-0.025553989552592454,159.59397753212488,150.21874248670508,True,True
2017,177,foil,other_end_uses,1.0000362590598773,0.8093456808409584,1.1875116885286063,4.709802339012348,0.74480584232857,28.32842095742811,3.7097660799524705,3.7096315721991715,0.37816600768764796,27.58361511509954,True,False
2017,178,scrap_foil,fabrication_scrap_generated,31.01771779021442,25.322493153494175,36.890694779701924,31.524565464112833,26.31297841556419,37.75603825257662,0.5068476738984131,0.01634058563967963,11.568201626207749,11.443059837012434,True,False
2017,179,extruded_products,scrap_extruded_products,103.4908457553529,83.74221205728925,123.17354072391983,103.88751517528685,86.54842311729749,124.56249415581493,0.3966694199339571,0.0038328937891923646,39.43132866663058,38.01407103851744,True,True
2017,180,extruded_products,building_construction,831.8394762938685,660.8376090023545,1000.0798818706171,829.9502958835935,664.2983754781769,1030.8696427057466,-1.889180410275003,-0.002271087708763177,339.2422728682626,366.5712672275697,True,True
2017,181,extruded_products,transportation_auto,275.4214876059498,222.24417425136676,330.81645974459093,264.8947535624506,171.6422968215798,401.4155808916903,-10.526734043499175,-0.03822045307721216,108.57228549322417,229.7732840701105,True,True
2017,182,extruded_products,transportation_other,435.1689383612637,348.63593234506004,521.9710431490414,422.8767220486659,301.43459785874364,575.6195707432091,-12.292216312597816,-0.028246998416034005,173.33511080398137,274.1849728844655,True,True
2017,183,extruded_products,machine_industry,231.87639821799598,187.79483247703615,276.9136804070947,228.61200901492742,142.00979279246778,352.5789791383227,-3.2643892030685606,-0.014078143477110516,89.11884793005856,210.56918634585494,True,True
2017,184,extruded_products,electrical_equipment,237.66335662032418,191.3317473522456,283.649516565539,230.79648026920887,145.97921804107514,358.65324090094697,-6.866876351115309,-0.02889329027732867,92.31776921329339,212.67402285987183,True,True
2017,185,extruded_products,consumer_durables,239.21341604255682,193.21565899519865,284.8198005938141,229.25888571799837,144.77358235987154,350.8211108276715,-9.954530324558448,-0.04161359546317212,91.60414159861543,206.04752846779994,True,True
2017,186,extruded_products,other_end_uses,38.84693421139927,31.39392270862024,46.24857863108095,49.064566973659865,17.128447930840775,130.01169229740802,10.217632762260592,0.2630228863533412,14.854655922460712,112.88324436656724,True,False
2017,187,scrap_extruded_products,fabrication_scrap_generated,103.49346431032347,84.05009881057525,122.76957201124856,105.62997387165838,88.40417734042951,126.66423832910475,2.136509561334904,0.020643908053252665,38.719473200673306,38.260060988675235,True,True
2017,188,wire,building_construction,17.615624956838445,4.563477681187213,27.162994808668216,19.652090204380258,9.223064577848216,41.86930790782171,2.0364652475418126,0.11560562015435336,22.599517127481004,32.64624332997349,True,False
2017,189,wire,transportation_other,12.303685991526741,9.988754844291782,14.598202500290235,16.37702207723892,7.147362945571823,36.943537746538375,4.073336085712178,0.3310663234186396,4.609447655998453,29.796174800966554,True,False
2017,190,wire,machine_industry,8.654481690675798,7.012351381594439,10.21193181684995,12.424960124554756,4.437151298024074,31.468933585424033,3.7704784338789583,0.4356677347808376,3.19958043525551,27.03178228739996,True,False
2017,191,wire,electrical_equipment,471.5940893626388,408.8112398320105,536.103925311251,446.58674273150643,385.69448196339334,517.0859871857728,-25.00734663113235,-0.05302726899086008,127.29268547924056,131.3915052223794,True,True
2017,192,wire,consumer_durables,10.034120582068086,8.099202171815687,11.948300936377997,13.584424329434535,5.466542479090067,33.06742383522458,3.550303747366449,0.35382310969146363,3.84909876456231,27.600881356134515,True,False
2017,193,wire,other_end_uses,5.016594387228459,4.053034973276727,5.96534417512701,8.42148683877656,2.589463619387571,26.94582683963065,3.4048924515481005,0.6787258822870903,1.9123092018502827,24.356363220243082,True,False
2017,194,forging_impacts,transportation_auto,32.89284234512192,26.701161404287028,39.15254684550198,32.7382705941519,23.82647251636416,43.85025013054848,-0.15457175097002107,-0.004699251872130911,12.451385441214953,20.023777614184322,True,False
2017,195,forging_impacts,transportation_other,91.94557628921407,74.73599717275813,109.88387912230486,90.80167623162363,75.07536825359998,107.58342364780756,-1.143900057590443,-0.012441055935005666,35.14788194954673,32.50805539420759,True,False
2017,196,forging_impacts,machine_industry,4.52836636266242,3.6890752294844833,5.396771637342906,5.226997040107923,2.3584848614609966,11.308340771322428,0.6986306774455029,0.1542787445834546,1.7076964078584225,8.94985590986143,True,False
2017,197,forging_impacts,electrical_equipment,0.45367481660614883,0.3663914792146626,0.5412953688451897,1.2990828253738917,0.27179255101555316,6.449654925506357,0.8454080087677429,1.8634669102686199,0.1749038896305271,6.177862374490804,True,False
2017,198,forging_impacts,consumer_durables,9.948877109120607,8.079923708063143,11.847002690746624,10.47884012483043,5.89086084129624,17.931145342435887,0.5299630157098232,0.05326862618736952,3.767078982683481,12.040284501139647,True,False
2017,199,forging_impacts,container_packages,0.06526368151880188,0.002993356582437314,0.2177026661924552,0.8685176739125247,0.11471573174379195,6.481708203418755,0.8032539923937227,12.307825327970695,0.21470930961001788,6.366992471674963,True,False
2017,200,forging_impacts,other_end_uses,4.5346671358271635,3.6875711368518242,5.355738634444746,5.197438019817321,2.4161739496531354,11.213987418714224,0.6627708839901576,0.14615645738444313,1.668167497592922,8.797813469061088,True,False
2017,201,powerder_paste,other_end_uses,54.79202559693155,44.53234117634121,65.03811668853847,56.80454859021789,47.60055760617298,67.80470984263204,2.012522993286339,0.03673021705915986,20.505775512197253,20.20415223645906,True,False
2017,202,import_finished_consumption,building_construction,203.8144942223999,183.9464919229928,223.99093479466853,209.80088304344474,119.2382964558629,355.2921415229378,5.986388821044841,0.02937175220969597,40.04444287167573,236.05384506707492,True,True
2017,203,import_finished_consumption,transportation_auto,655.6234000676229,590.2238555534175,720.3786979602024,628.8484493248072,460.73983160537455,831.5593928050333,-26.77495074281569,-0.04083891871469817,130.15484240678495,370.8195611996588,True,True
2017,204,import_finished_consumption,transportation_other,225.4049426126303,203.00485048356316,247.62601353335089,231.1593959827741,137.10441713477263,381.25790360009177,5.754453370143807,0.025529401899731737,44.621163049787725,244.15348646531913,True,True
2017,205,import_finished_consumption,machine_industry,241.24256142071096,217.23938600090761,264.44477983059664,250.7694597938385,151.8624317824754,409.7178718432255,9.526898373127551,0.03949095183296979,47.20539382968903,257.8554400607501,True,True
2017,206,import_finished_consumption,electrical_equipment,515.8672414125517,466.02111804821595,567.0007543558718,497.79520266328353,354.56343004826226,684.295669037609,-18.072038749268188,-0.03503234417402274,100.97963630765582,329.7322389893467,True,True
2017,207,import_finished_consumption,consumer_durables,906.3862044149561,817.8468177227539,993.7125535525148,850.6535713389785,663.1575095259154,1057.717705555419,-55.73263307597756,-0.06148883644136136,175.86573582976087,394.56019602950346,True,True
2017,208,import_finished_consumption,container_packages,0.37081192572030414,0.017852839860499,0.945832836164657,17.416466545673003,2.384883121408347,119.33709548931735,17.0456546199527,45.96846389673532,0.927979996304158,116.952212367909,False,False
2017,209,import_finished_consumption,other_end_uses,0.3760333498467726,0.019568936224334095,0.9411219482397715,17.919421018358868,2.476118330945814,122.78024833356359,17.543387668512096,46.653807902040434,0.9215530120154374,120.30413000261778,False,False
2017,210,building_construction,export_finished_consumption,53.596166794023745,14.6388876875911,95.2789360971526,66.88220475646706,22.908002894721424,181.42533728864524,13.286037962443316,0.247891570557706,80.6400484095615,158.51733439392382,True,False
2017,211,building_construction,consumption_building_construction,1267.039547593858,1038.9843721885982,1627.9780867653799,1444.1186589881065,1184.1746589424813,1762.8449078357698,177.07911139424846,0.13975815650784257,588.9937145767817,578.6702488932885,True,True
2017,212,transportation_auto,export_finished_consumption,798.9986461185567,211.0786091883375,1398.0531583483137,734.3184588519616,468.27939164927653,1094.513107233926,-64.68018726659511,-0.08095156053242894,1186.974549159976,626.2337155846494,True,True
2017,213,transportation_auto,consumption_transportation_auto,2614.1940001046532,1917.8939874039886,3300.307566954833,2374.3559064702395,1943.697438183544,2819.939791739671,-239.83809363441378,-0.09174456586803137,1382.4135795508444,876.242353556127,True,True
2017,214,transportation_other,export_finished_consumption,226.60494074326965,60.356922442151884,392.36139544702183,211.52726708999438,114.26956127377333,367.35025225325114,-15.07767365327527,-0.0665372679157839,332.00447300486996,253.08069097947782,True,True
2017,215,transportation_other,consumption_transportation_other,1383.2454680511369,1113.7295181902384,1653.3113998517208,1256.5301009086415,992.6812696539837,1558.5056190525656,-126.71536714249532,-0.09160728885020342,539.5818816614824,565.824349398582,True,True
2017,216,machine_industry,export_finished_consumption,128.42995343446447,33.89811720777792,229.27438693203877,74.13756329426013,33.19891803904188,154.5838638944873,-54.29239014020433,-0.422739311884192,195.37626972426085,121.38494585544544,True,True
2017,217,machine_industry,consumption_machine_industry,699.9586624715698,563.6107508708766,831.3060261118133,742.30121597986,556.5365622942927,978.2912078216405,42.342553508290166,0.060492934480984424,267.69527524093667,421.75464552734775,True,True
2017,218,electrical_equipment,export_finished_consumption,270.94395150993944,70.08161372620731,469.0705851869356,284.7707030310586,169.7127739091542,452.8526413961967,13.82675152111915,0.05103177776829582,398.9889714607283,283.13986748704247,True,True
2017,219,electrical_equipment,consumption_electrical_equipment,1189.1199853322755,956.9341106555967,1425.0379957631499,1146.2028755348665,924.82502768319,1402.244135312835,-42.91710979740901,-0.03609148809774372,468.1038851075532,477.41910762964494,True,True
2017,220,consumer_durables,export_finished_consumption,232.31332367373855,65.81600464439803,365.75825388960556,307.7275942564552,183.25719225834032,498.72396513566787,75.41427058271663,0.32462309690264957,299.9422492452075,315.46677287732757,True,True
2017,221,consumer_durables,consumption_consumer_durables,1505.9742483216414,1291.4085956218794,1686.021649609807,1316.5297508146186,1059.8266107075062,1605.6315032910472,-189.4444975070228,-0.12579531005802552,394.6130539879275,545.804892583541,True,True
2017,222,container_packages,export_finished_consumption,0.3972877317396465,0.01998539724535529,0.9511975296295989,36.52419290560569,5.086555919819611,219.02571266392582,36.12690517386604,90.9338554595514,0.9312121323842436,213.9391567441062,False,False
2017,223,container_packages,consumption_container_packages,1828.9325194990138,1520.378633343066,2140.7130622918585,1494.3217686015546,1169.7307199381382,1845.8349993862237,-334.6107508974592,-0.1829541261528428,620.3344289487925,676.1042794480854,True,True
2017,224,other_end_uses,export_finished_consumption,0.3853388823182232,0.019377987539592488,0.9552468654015795,8.809113476045473,1.19594638262493,55.31741198946095,8.42377459372725,21.860691926673184,0.935868877861987,54.12146560683602,False,False
2017,225,other_end_uses,consumption_other_end_uses,286.8312088393285,218.24597992003604,352.71477005290023,357.82058783478726,248.6781409205179,507.92982092062704,70.98937899545876,0.24749531016070225,134.4687901328642,259.2516800001091,True,True
2017,226,eol_scrap_building_construction,eol_scrap_generated,219.17214528612374,57.464828849968704,392.2835627530335,276.0827618106281,109.87881449369556,684.0777089513234,56.91061652450435,0.25966172138438925,334.8187339030648,574.1988944576278,True,True
2017,227,eol_scrap_transportation_auto,eol_scrap_generated,1003.3583561938552,335.36879553161793,2061.431541358286,1098.788771128334,420.6251193318522,2876.9176714585246,95.43041493447879,0.09511099832415312,1726.0627458266679,2456.2925521266725,True,True
2017,228,eol_scrap_transportation_other,eol_scrap_generated,412.90920828241974,111.17143345217602,757.4623345790163,515.1767477069518,197.98989010799036,1416.7349082920634,102.26753942453206,0.24767560851920642,646.2909011268403,1218.7450181840732,True,True
2017,229,eol_scrap_machine_industry,eol_scrap_generated,215.11951585047402,56.22671120870508,388.6040245138623,284.27261872820566,107.8502607932569,706.9661097882504,69.15310287773164,0.3214636412895184,332.37731330515726,599.1158489949935,True,True
2017,230,eol_scrap_electrical_equipment,eol_scrap_generated,271.7845321340078,72.49404990673402,497.87599616383454,351.5864423765739,133.29718063259764,929.8681018001097,79.80191024256612,0.29362197184650113,425.38194625710054,796.5709211675121,True,True
2017,231,eol_scrap_consumer_durables,eol_scrap_generated,642.8463377384963,180.2939470157303,1270.2706570543353,776.9711656704369,280.4392862711484,2146.5855459463255,134.12482793194056,0.20864212807649413,1089.976710038605,1866.1462596751771,True,True
2017,232,eol_scrap_container_packages,eol_scrap_generated,1593.7982600484715,1286.4131670448442,1888.3198266818943,1594.9392156267959,1320.573255928977,1924.1817175861513,1.1409555783243377,0.0007158720190155298,601.9066596370501,603.6084616571743,True,True
2017,233,eol_scrap_other_end_uses,eol_scrap_generated,235.94771848888678,61.47274409189721,427.3304513823589,314.0875545222301,118.22890463019671,811.4684238812058,78.13983603334333,0.33117436580351484,365.8577072904617,693.2395192510091,True,True
2022,0,bauxite_mining,bauxite,198.59979736741835,120.46731520665917,275.25822299942337,223.12284749885117,158.73725288834538,314.7421193799517,24.523050131432825,0.12347973389954726,154.7909077927642,156.00486649160632,True,True
2022,1,import_of_bauxite,bauxite,3720.2488506788286,3511.4122237417782,3932.116232934803,3988.801069432865,3809.3070770493905,4180.608453428887,268.5522187540364,0.07218662770503485,420.70400919302483,371.3013763794961,True,True
2022,2,bauxite,export_bauxite,7.0950223243859405,5.975368467478549,8.190898229902562,29.697750706575682,8.925889483187143,99.90270995944604,22.602728382189742,3.1857163161422415,2.215529762424013,90.9768204762589,False,False
2022,3,bauxite,bauxite_non_aluminum_use,199.3443858083044,133.73601673167698,262.78442105712116,201.35148361176567,128.24157317789982,310.3821702019991,2.007097803461278,0.010068494255922331,129.04840432544418,182.14059702409926,True,True
2022,4,bauxite,bauxite_refining_to_alumina,3695.0324629150555,3473.005011711477,3918.9602366202694,3995.9351339585637,3794.949205379497,4188.643967933026,300.90267104350824,0.08143437819924389,445.9552249087924,393.694762553529,True,True
2022,5,import_alumina,primary_smelting_hall_hauroult_to_aluminum,1298.3700717328961,1194.0042303793946,1405.9173089793653,1339.6775207383287,1242.0982602249228,1442.4736710629693,41.307449005432545,0.03181484994513214,211.91307859997073,200.3754108380465,True,True
2022,6,bauxite_refining_to_alumina,waste_bauxite,2070.30050895348,1858.934961994587,2281.6504795159917,2137.031284952909,1918.520805180082,2359.4329944343594,66.73077599942917,0.03223241056592361,422.71551752140476,440.91218925427734,True,True
2022,7,bauxite_refining_to_alumina,export_alumina,225.87348032581073,196.21015992179258,256.69221553604314,333.9582577549885,235.7053307479132,462.1992186840971,108.08477742917776,0.47851911288244686,60.482055614250555,226.4938879361839,True,True
2022,8,bauxite_refining_to_alumina,alumina_non_aluminum_use,734.97054621542,649.0129310383805,823.2635843812454,805.3948945231803,649.2531753090733,981.2772330063673,70.42434830776028,0.09581927965739037,174.2506533428649,332.024057697294,True,True
2022,9,bauxite_refining_to_alumina,primary_smelting_hall_hauroult_to_aluminum,650.0178554197819,582.1845004288652,718.6105677325893,730.2444869107419,614.4302894597719,867.1641240276847,80.22663149096002,0.12342219651666278,136.42606730372404,252.73383456791282,True,True
2022,10,primary_smelting_hall_hauroult_to_aluminum,waste_alumina,978.8155545733313,846.5063661888032,1113.7989328131514,1051.0709740186176,895.7978334225845,1221.1143438893885,72.2554194452863,0.07381923908716659,267.2925666243482,325.31651046680395,True,True
2022,11,primary_smelting_hall_hauroult_to_aluminum,remelting,687.0536630389081,584.1344193957793,790.6820079533971,674.502764711435,528.1615999391295,833.8318691744023,-12.550898327473078,-0.01826771182902829,206.54758855761781,305.6702692352728,True,True
2022,12,primary_smelting_hall_hauroult_to_aluminum,refining,279.22695571879274,184.4074924682515,374.1700482076144,341.13690870737264,237.16227910250487,471.34137549547415,61.9099529885799,0.22171911314654352,189.7625557393629,234.17909639296929,True,True
2022,13,import_unwrought_aluminum_ingot,remelting,2995.290649370123,2825.2465835943876,3160.767181431016,3204.714731993293,2960.91395430274,3453.5849951317405,209.42408262316985,0.06991778332670635,335.52059783662844,492.6710408290005,True,True
2022,14,import_unwrought_aluminum_ingot,refining,1382.2836466356543,1298.9456428702538,1468.2613923180936,1465.9423214229973,1280.6446802853015,1675.830335588286,83.65867478734299,0.06052207518403344,169.31574944783983,395.1856553029845,True,True
2022,15,remelting,loss_remelting,89.65676862850442,6.600294354162649,223.53465976938412,140.30080157880826,55.29453408467885,350.2092926576244,50.64403295030384,0.5648656953068312,216.93436541522146,294.9147585729456,True,False
2022,16,remelting,wrought_aluminum_ingot,8676.167471070374,7960.118767587555,9391.921986868776,9365.857949617179,8848.486106089289,9930.239078060198,689.690478546805,0.07949252718397773,1431.8032192812207,1081.7529719709091,True,True
2022,17,refining,loss_refining,87.926765529482,26.823274638016226,149.80943211285276,92.64954784293167,39.00398320173503,199.70050433807646,4.72278231344967,0.053712681059172054,122.98615747483653,160.69652113634143,True,False
2022,18,refining,cast_aluminum_ingot,2449.693071314805,2291.9552701147136,2605.728185205571,2587.6097084301327,2454.2033202725015,2728.578716758356,137.91663711532783,0.05629955798556629,313.7729150908576,274.3753964858547,True,True
2022,19,alloying_element_si,remelting,388.8108160551592,235.19326182858603,549.0508845816577,390.0720962308618,242.01229841339145,587.9603806362917,1.261280175702609,0.0032439431302334855,313.8576227530716,345.9480822229002,True,True
2022,20,alloying_element_si,refining,177.01742170797917,102.11645693961995,253.533893640865,184.02561167585316,86.2581699598435,341.60013325914974,7.008189967873989,0.039590396810971575,151.41743670124504,255.34196329930626,True,True
2022,21,alloying_element_mg,remelting,111.22460742113948,43.580853473588185,177.86071312538343,103.06654385344422,56.17822292107372,191.3508308947521,-8.158063567695265,-0.0733476499207201,134.27985965179525,135.1726079736784,True,True
2022,22,alloying_element_mg,refining,0.4422934216242517,0.03353582390534729,1.0514754375369264,1.2821632773098064,0.2814630071654584,5.6642716395878985,0.8398698556855546,1.898897461782875,1.017939613631579,5.3828086324224405,True,False
2022,23,alloying_element_other,remelting,22.58050983852447,7.0384561072059055,38.86300688109118,23.52314319526105,9.196167614146065,48.75335982724209,0.9426333567365788,0.04174544168743071,31.824550773885274,39.55719221309603,True,False
2022,24,alloying_element_other,refining,26.525074988070365,10.069231466696893,42.32249163979015,23.59730263852477,9.402360008699965,49.74876724402611,-2.927772349545595,-0.11037753336653558,32.25326017309326,40.34640723532615,True,False
2022,25,import_scrap,eol_scrap_generated,710.3026727056639,657.8848233773112,762.686819973482,698.9241088807646,646.5271957653409,754.0432339908186,-11.378563824899288,-0.016019317203969402,104.80199659617074,107.5160382254777,True,True
2022,26,eol_scrap_generated,export_eol_scrap,1736.8095185610866,1606.8014783458636,1861.6503323173392,1953.901579534273,1784.3831044262006,2148.3515759124266,217.09206097318634,0.1249947438985957,254.8488539714756,363.968471486226,True,True
2022,27,eol_scrap_generated,loss_eol_scrap,1765.7595924617453,1311.2855428106984,2217.180946849539,1899.5579713220527,1460.7354537239232,2424.2966511656973,133.79837886030737,0.07577383661485394,905.8954040388405,963.5611974417741,True,True
2022,28,eol_scrap_generated,eol_scrap_recycled,1934.265342183398,1725.4880257102807,2134.3930367549833,1959.057773910444,1764.3312547000235,2166.056517338076,24.79243172704605,0.012817492608878761,408.90501104470263,401.7252626380525,True,True
2022,29,eol_scrap_recycled,remelting,1294.6360454241756,1089.4547039166184,1502.5677958939332,1322.7039796720378,1051.599047398114,1584.8302753106855,28.06793424786224,0.021680173626454254,413.11309197731475,533.2312279125715,True,True
2022,30,eol_scrap_recycled,refining,642.2157066750675,485.07175418629726,797.5607628419745,647.1399978434808,444.02129566383127,879.1522110266056,4.924291168413333,0.00766765919492655,312.4890086556772,435.1309153627744,True,True
2022,31,forming_scrap_generated,loss_forming_scrap,62.327056923956235,18.609017674194344,109.39380221772572,85.68410898387023,32.3707385614947,218.42791066667658,23.357052059913997,0.3747497990866372,90.78478454353137,186.05717210518188,True,False
2022,32,forming_scrap_generated,forming_scrap_recycled,2295.0445481169136,1697.083463798615,2901.2025010707976,2798.2056476242687,2387.7223793419994,3293.7800662476016,503.1610995073552,0.2192380535359104,1204.1190372721826,906.0576869056022,True,True
2022,33,forming_scrap_recycled,remelting,2301.2660837818294,1705.8377652614736,2911.4638348846843,2790.7821082677237,2382.6920897187892,3285.783906170095,489.5160244858944,0.21271596011246074,1205.6260696232107,903.0918164513059,True,True
2022,34,forming_scrap_recycled,refining,0.46243606168176343,0.037640210249935184,1.1011586132021196,14.436166627428722,1.9966704120653043,93.73197153996091,13.973730565746958,30.217648932758447,1.0635184029521845,91.73530112789561,False,False
2022,35,fabrication_scrap_generated,loss_fabrication_scrap,37.68228897599724,13.589637925009916,62.31235590355201,47.70739131977278,20.71601297796465,106.39194743246168,10.025102343775544,0.26604281789148493,48.72271797854209,85.67593445449702,True,False
2022,36,fabrication_scrap_generated,fabrication_scrap_recycled,882.8905320534045,767.8237755284683,997.5477236643371,921.4527855995759,839.3088964373002,1006.1492307281407,38.562253546171405,0.04367727611313748,229.7239481358688,166.84033429084047,True,True
2022,37,fabrication_scrap_recycled,remelting,887.5291565531279,772.1840344473266,1000.9194650585182,918.0050951963476,837.9151722321928,1003.9951042313941,30.475938643219706,0.03433795770899319,228.73543061119165,166.07993199920122,True,True
2022,38,fabrication_scrap_recycled,refining,0.6408234221211632,0.09483447533758889,1.306396022504294,5.032773975976404,0.8051980888848899,29.71187593509759,4.391950553855241,6.853604912438479,1.2115615471667052,28.906677846212702,True,False
2022,39,wrought_aluminum_ingot,1xxx,1411.4709487786668,909.7827355284468,1919.4311810542379,1433.0457733528747,1066.1649141012392,1886.7393342737944,21.574824574207923,0.015285347950573427,1009.6484455257911,820.5744201725552,True,True
2022,40,wrought_aluminum_ingot,2xxx,155.1048894286779,86.36650199104051,225.1622353692385,167.17166984106652,108.35598923760291,254.5330273517219,12.066780412388624,0.07779755014065698,138.79573337819798,146.177038114119,True,True
2022,41,wrought_aluminum_ingot,3xxx,1629.6386598022664,997.3599794297056,2234.482765376031,1767.2517168541408,1354.6517783841725,2278.169684349265,137.61305705187442,0.08444390799404072,1237.1227859463252,923.5179059650925,True,True
2022,42,wrought_aluminum_ingot,4xxx,93.09610054499342,46.58943272292448,141.22434871668105,86.76847270289184,52.82227264640485,145.64275724775203,-6.3276278421015775,-0.06796877425648382,94.63491599375658,92.82048460134718,True,False
2022,43,wrought_aluminum_ingot,5xxx,2089.234213976455,1385.0790354993148,2794.8537387199726,2246.864233979677,1798.7891588953987,2786.322085225604,157.63002000322194,0.07544870697058112,1409.7747032206578,987.5329263302053,True,True
2022,44,wrought_aluminum_ingot,6xxx,2773.76914210198,2192.5783199975617,3387.246464583478,2969.8553534797493,2526.6318351689665,3500.2850313564322,196.08621137776936,0.0706930538671917,1194.6681445859163,973.6531961874657,True,True
2022,45,wrought_aluminum_ingot,7xxx,484.5658166287528,338.1206148302549,631.1104155391916,470.57334463022886,348.1854143352102,631.0498311440549,-13.992471998523968,-0.02887630847729446,292.98980070893674,282.8644168088447,True,True
2022,46,wrought_aluminum_ingot,8xxx,69.71076233745512,30.231926300749173,111.41817506697285,88.65928000169632,53.415969743058454,144.84428394136975,18.948517664241194,0.2718162451375214,81.18624876622368,91.4283141983113,True,False
2022,47,cast_aluminum_ingot,36x,131.22938332097306,108.0953030125653,154.13405008517708,143.57722702298733,121.5220705006695,168.7210200124779,12.347843702014274,0.09409358932833485,46.038747072611784,47.19894951180841,True,True
2022,48,cast_aluminum_ingot,38x,1189.4986329156918,1063.4532848403232,1313.897759113714,1263.6276977131142,1140.7970254919785,1395.544918691295,74.12906479742242,0.06231958805679137,250.44447427339082,254.74789319931642,True,True
2022,49,cast_aluminum_ingot,2xx,5.935025569933336,5.119983645554525,6.726737012330939,5.842383010041207,5.051681102999071,6.722658964023552,-0.09264255989212877,-0.015609462638451508,1.606753366776414,1.6709778610244808,True,False
2022,50,cast_aluminum_ingot,3xx,546.4430904986757,486.1183355202636,607.1698289878227,554.3541883549207,492.2125866466953,623.3503772273307,7.9110978562449645,0.014477441464261935,121.05149346755911,131.1377905806354,True,True
2022,51,cast_aluminum_ingot,4xx,7.9601289461781715,6.894520519860845,9.064314830347815,7.927144688297718,6.900933995360995,9.091607132682807,-0.03298425788045378,-0.004143683865358768,2.16979431048697,2.190673137321812,True,False
2022,52,cast_aluminum_ingot,5xx,44.768465336650806,38.59380353612481,50.9295194795611,45.09588329594928,39.15434351894762,51.96593443077131,0.3274179592984723,0.00731358461444564,12.335715943436291,12.811590911823693,True,False
2022,53,cast_aluminum_ingot,7xx,8.099244851836506,6.940910305508961,9.236392496173359,8.08225997180114,7.007923869173009,9.289102356222067,-0.016984880035366245,-0.002097094278056666,2.295482190664398,2.2811784870490577,True,False
2022,54,cast_aluminum_ingot,other,267.13632762252337,233.93079277574498,300.6624515079218,280.4930487471023,247.99229340076917,315.9659765737875,13.35672112457894,0.04999964341597387,66.73165873217681,67.97368317301832,True,True
2022,55,36x,die_cast,131.11654853206454,108.09675880332854,154.07434740517635,143.65083880158843,121.78254627999017,168.6474153354692,12.534290269523893,0.09559655443842494,45.97758860184781,46.86486905547902,True,True
2022,56,38x,die_cast,1194.1371409088506,1067.5821716366345,1320.6557935368976,1267.533452236822,1145.2850142952805,1398.9324416086422,73.39631132797149,0.06146388786811371,253.0736219002631,253.64742731336173,True,True
2022,57,2xx,sand_cast,1.9202198205215095,1.5946251314249522,2.247605298641206,1.96883423379548,1.530529895390468,2.4749419737547695,0.048614413273970536,0.02531710836146219,0.6529801672162538,0.9444120783643015,True,False
2022,58,3xx,sand_cast,187.90935370216758,159.97551159977655,216.16986097320873,188.97471777125858,150.56515648394915,233.05326809461653,1.0653640690910038,0.005669563798189545,56.194349373432175,82.48811161066737,True,True
2022,59,4xx,sand_cast,2.7188121787955795,2.2772136476702087,3.142424128261541,2.6592611779156776,2.080127053034323,3.3564035459390644,-0.05955100087990184,-0.021903315478851004,0.8652104805913323,1.2762764929047412,True,False
2022,60,5xx,sand_cast,14.978719048007482,12.520574377265474,17.38102031905941,15.191226318031232,11.886014587580402,19.16694466241302,0.21250727002374958,0.014187279255499353,4.860445941793936,7.280930074832618,True,False
2022,61,7xx,sand_cast,2.5655411381474664,2.109099897910323,3.02631674296871,2.711722637005377,2.1214777103795193,3.4464622973484764,0.14618149885791043,0.056978816938194024,0.9172168450583871,1.3249845869689572,True,False
2022,62,other,sand_cast,83.20653993664294,69.62181981907759,96.99560664470742,85.71141539259133,67.66490519211833,108.95099798496898,2.504875455948394,0.03010430980372113,27.373786825629836,41.28609279285065,True,False
2022,63,2xx,permanent_semi_permanent_mold_cast,4.01780736075081,3.401340645217082,4.61858434389211,3.8750340027289676,3.2458851467018133,4.587788288433822,-0.14277335802184243,-0.035535142728983976,1.217243698675028,1.341903141732009,True,False
2022,64,3xx,permanent_semi_permanent_mold_cast,358.16553597483846,309.6827305503772,404.8440530551053,365.5978072468668,314.37862386479276,426.08018265561964,7.432271272028345,0.02075093923204959,95.1613225047281,111.70155879082688,True,True
2022,65,4xx,permanent_semi_permanent_mold_cast,5.220798258556623,4.420720537867491,6.043546911853095,5.273966849343595,4.4262032114418455,6.22151223044001,0.05316859078697256,0.010183996422353984,1.6228263739856041,1.7953090189981644,True,False
2022,66,5xx,permanent_semi_permanent_mold_cast,29.62865812874852,25.045148159896495,34.27786723273118,29.943411961806746,25.144232722870807,35.41686328083461,0.31475383305822646,0.01062329018379751,9.232719072834687,10.272630557963804,True,False
2022,67,7xx,permanent_semi_permanent_mold_cast,5.493569463967652,4.66147645233519,6.335614094851736,5.3668342198831205,4.540287218183551,6.35318780932397,-0.1267352440845313,-0.023069744528723696,1.6741376425165457,1.8129005911404183,True,False
2022,68,other,permanent_semi_permanent_mold_cast,161.31753061080786,137.78856721893558,185.71306376575083,168.84570775229432,141.94054151049227,197.45592725212416,7.528177141486452,0.04666682606026752,47.92449654681525,55.51538574163189,True,True
2022,69,other,other_cast,22.630981000506694,17.59914043263718,27.732454155155118,25.86673460594178,18.317025137964624,35.83744412842231,3.235753605435086,0.142978936943239,10.133313722517936,17.52041899045769,True,False
2022,70,cast_aluminum_ingot,export_cast_aluminum_ingot,254.48836632091727,223.86145203796266,279.96212163934763,288.45618240518183,240.5536682733111,344.6915826992879,33.96781608426457,0.1334749268712353,56.100669601384965,104.13791442597679,True,True
2022,71,wrought_aluminum_ingot,export_wrought_aluminum_ingot,15.378568380670842,0.7586611366642042,51.45770072294903,145.56108934774295,57.215017681186275,355.0926446023591,130.1825209670721,8.465191150737875,50.699039586284826,297.8776269211728,False,False
2022,72,die_cast,scrap_cast,404.12551843082997,180.6275579638962,628.46567811059,494.29719202563604,364.33980463418976,663.1649585551372,90.17167359480607,0.22312788844646994,447.8381201466938,298.82515392094746,True,True
2022,73,scrap_cast,die_cast,403.95978080033444,180.9514011759068,628.7161746604385,503.4877247925806,374.73682226239504,678.0153933740513,99.52794399224615,0.2463808248312718,447.7647734845317,303.2785711116563,True,True
2022,74,sand_cast,scrap_sand_cast,205.61196463890343,99.04965538634968,311.07798211181216,184.27171110424297,132.03168380336365,250.74367768998073,-21.340253534660462,-0.1037889675930985,212.02832672546248,118.71199388661708,True,True
2022,75,scrap_sand_cast,sand_cast,206.00308524936082,100.09473241753672,311.4397212124017,187.6695098740673,136.59013255627008,258.5615622626159,-18.33357537529352,-0.08899660581831216,211.344988794865,121.97142970634582,True,True
2022,76,permanent_semi_permanent_mold_cast,scrap_semi_permanent_mold_cast,158.25062574702628,65.5262519670214,249.38742046699244,189.82097779657113,131.3569969282695,273.2894700711687,31.57035204954485,0.19949590657551064,183.86116849997103,141.9324731428992,True,True
2022,77,scrap_semi_permanent_mold_cast,permanent_semi_permanent_mold_cast,158.3688929827278,65.58527636825495,249.4293354402171,194.1519030342282,136.75736714373545,281.4965255261918,35.78301005150041,0.22594721335460125,183.84405907196214,144.73915838245637,True,True
2022,78,other_cast,scrap_other_cast,15.216852487062805,6.919459078270243,23.564802880384992,18.271946601408068,11.072937816953896,28.89045424203122,3.0550941143452626,0.20077043639232678,16.64534380211475,17.817516425077322,True,False
2022,79,scrap_other_cast,other_cast,15.245518494506218,6.988659416603923,23.5547147355733,18.325895765002862,11.37391504184376,29.801212479076035,3.080377270496644,0.20205132882864366,16.566055318969376,18.427297437232276,True,False
2022,80,die_cast,export_cast_semifinished_products,18.530202366904156,14.254249770070981,22.625786666844434,24.41821977583735,7.661939530365113,75.73264552404368,5.8880174089331945,0.3177524612170173,8.371536896773453,68.07070599367856,True,False
2022,81,1xxx,rolling,987.9337410620183,538.6946502113465,1430.7206191836617,974.3603230782408,680.4572875801578,1353.1770100803528,-13.573417983777517,-0.013739198713049558,892.0259689723152,672.7197225001951,True,True
2022,82,1xxx,extrusion,263.3599908891931,82.02654396154433,453.3599516129797,286.425728231109,151.26890582731133,514.2560289464025,23.065737341915906,0.087582541539579,371.3334076514354,362.98712311909117,True,True
2022,83,1xxx,drawing,108.94440717769982,64.8660476834525,152.35386729438673,108.00080477516366,46.168983581781,236.59463572543967,-0.9436024025361576,-0.008661320273165032,87.48781961093422,190.42565214365868,True,True
2022,84,1xxx,other_milling_processes,53.14112419676348,12.193742185438255,93.6702226219981,50.10623621430092,16.848155730188218,137.1700306246403,-3.034887982462557,-0.05710996950733298,81.47648043655984,120.3218748944521,True,False
2022,85,2xxx,rolling,71.18442093060538,26.00861494240716,116.94191782180376,76.95502037753388,46.422166372926014,123.11180469276216,5.7705994469285,0.08106548274873246,90.93330287939659,76.68963831983615,True,False
2022,86,2xxx,extrusion,72.51902697149205,26.67300210648058,118.32799345803862,75.10742175616981,45.360706250200124,122.98882153812086,2.58839478467776,0.03569262982107142,91.65499135155804,77.62811528792074,True,False
2022,87,2xxx,drawing,4.206540826683201,1.5898968925831631,6.83758328774919,5.288922704584001,1.3329173835626777,18.78080051864585,1.0823818779007999,0.25730925301734037,5.247686395166027,17.447883135083174,True,False
2022,88,2xxx,other_milling_processes,7.8158217268355505,3.3856308188485804,12.33396181216651,8.067233996233696,2.6953422034419527,22.13372464826574,0.25141226939814576,0.03216709364479541,8.94833099331793,19.438382444823787,True,False
2022,89,3xxx,rolling,1237.9414695608139,688.2355830411047,1771.058263925926,1328.4987523499333,1004.2117230658346,1759.6924003838649,90.55728278911943,0.07315150596033151,1082.8226808848212,755.4806773180303,True,True
2022,90,3xxx,extrusion,324.26313359937734,115.93443503722061,543.2097469719436,360.72494325828217,233.00464399301777,557.408569108518,36.461809658904826,0.11244512829495101,427.27531193472294,324.4039251155002,True,True
2022,91,3xxx,drawing,45.22308434459493,13.827685981173786,78.52725177993658,47.550520298636485,15.982939999541925,137.53762876312345,2.3274359540415546,0.05146566157024471,64.69956579876279,121.55468876358152,True,False
2022,92,3xxx,other_milling_processes,22.712780730664445,6.166488005698916,40.3914254957327,25.194013781683438,7.05176848304109,90.36827239171774,2.481233051018993,0.10924391339141883,34.22493749003378,83.31650390867665,True,False
2022,93,4xxx,rolling,25.803244659221857,8.703260201756436,43.11797051300353,30.033012949349853,10.73586118350409,70.73931201542955,4.229768290127996,0.16392389197520219,34.41471031124709,60.003450831925456,True,False
2022,94,4xxx,other_milling_processes,67.4006831814737,27.892052358996775,107.67872224808062,55.38764754634917,28.102756349631814,98.31311247174088,-12.013035635124524,-0.17823314346502833,79.78666988908384,70.21035612210906,True,False
2022,95,5xxx,rolling,1846.9064511481324,1202.106343588279,2495.580268703261,1969.4246770625605,1568.649487738722,2465.0586730671807,122.51822591442806,0.06633699602828524,1293.473925114982,896.4091853284588,True,True
2022,96,5xxx,extrusion,163.6360231299567,82.37980572803491,243.99290534602954,190.81102370192593,98.73467231632597,351.6032821838442,27.175000571969235,0.16606979350987622,161.61309961799464,252.86860986751824,True,True
2022,97,5xxx,drawing,47.912160966759345,18.634990324982606,77.68458034891603,61.555590932945314,20.57871670524808,169.65869834464866,13.64342996618597,0.2847592279474005,59.04959002393342,149.0799816394006,True,False
2022,98,5xxx,other_milling_processes,29.687427438132303,10.212795681732493,49.411681899026554,29.829918092408345,8.367731925782596,103.88804166465461,0.1424906542760418,0.004799696928034199,39.19888621729406,95.52030973887202,True,False
2022,99,6xxx,rolling,899.6399280410009,466.2312093426056,1351.8072571198368,872.156771761576,664.4109061656321,1159.2301864387268,-27.48315627942486,-0.030549062377956532,885.5760477772312,494.8192802730947,True,True
2022,100,6xxx,extrusion,1831.1305336075734,1392.9503322714138,2254.749402076672,2037.9823449782884,1722.3926109673403,2412.374372514438,206.85181137071504,0.11296399004564091,861.7990698052583,689.9817615470979,True,True
2022,101,6xxx,drawing,45.36410341004074,7.741841293090946,86.92119249229361,58.96849912417177,23.036357984265898,148.96689523655834,13.60439571413103,0.29989341112206086,79.17935119920267,125.93053725229245,True,False
2022,102,6xxx,other_milling_processes,5.453493741817802,0.6963596066348624,11.420381607202495,15.226515112548466,2.927668305923343,78.66533657723438,9.773021370730664,1.7920661200709553,10.724022000567633,75.73766827131104,True,False
2022,103,7xxx,rolling,177.44978908706454,74.57190142960624,281.86766488946284,155.99906301633612,107.81843053123939,225.93408775048164,-21.45072607072842,-0.12088335625016589,207.2957634598566,118.11565721924225,True,True
2022,104,7xxx,extrusion,142.84926075419236,41.74664532210184,248.924251901451,149.29284837473935,103.94363136543717,216.6668744718852,6.443587620546992,0.045107602143176544,207.17760657934915,112.72324310644802,True,True
2022,105,7xxx,drawing,1.859867353323586,0.12183146271123389,4.657108032965003,5.195477098261418,1.3056696883429326,20.63431910445681,3.335609744937832,1.7934664743574813,4.535276570253769,19.32864941611388,True,False
2022,106,7xxx,other_milling_processes,162.1987570058513,78.90532003224234,239.68357912952683,160.91300478069786,115.3615816512338,223.77510836705045,-1.2857522251534306,-0.007927016512876528,160.7782590972845,108.41352671581664,True,True
2022,107,8xxx,rolling,6.089612833899724,1.0434759184586568,11.380762920233817,9.921864775075797,3.4331434342897675,26.733866466151074,3.8322519411760725,0.6293096204478961,10.33728700177516,23.300723031861306,True,False
2022,108,8xxx,extrusion,31.297876673632338,7.673258678277094,55.03396992265627,38.36431081213355,20.694748769941405,69.92997273311688,7.066434138501215,0.22577998540247637,47.360711244379175,49.23522396317548,True,False
2022,109,8xxx,drawing,29.206411587711848,7.97216097033628,52.59445854130373,33.03293227174379,17.374397451982926,60.77001120926934,3.826520684031941,0.13101646097605127,44.62229757096745,43.39561375728641,True,False
2022,110,8xxx,other_milling_processes,2.998834933497278,0.719035888108329,5.335789505656082,5.207719151685154,1.3517476892005702,18.622123185141547,2.208884218187876,0.7365807945994041,4.616753617547753,17.270375495940975,True,False
2022,111,die_cast,building_construction,19.713158942866222,3.2595497337072215,38.209249288391746,26.321098115593095,8.60784685657569,80.97820501161101,6.607939172726873,0.3352044789918435,34.94969955468452,72.37035815503532,True,False
2022,112,die_cast,transportation_auto,896.3359505569978,745.0185401338016,1044.965448581928,929.6652510025106,798.2677611055077,1063.3499762723557,33.329300445512786,0.03718393803662724,299.94690844812646,265.08221516684796,True,True
2022,113,die_cast,transportation_other,153.13950795176203,72.7048189137952,235.22332930441425,148.68221032284572,95.39181586725125,231.5328724350875,-4.457297628916308,-0.029106124791261106,162.51851039061904,136.14105656783624,True,True
2022,114,die_cast,machine_industry,47.11796611219299,16.33135134076883,78.18749640798073,42.68693512498014,17.181384143671007,98.92510763676677,-4.43103098721285,-0.09404121936549817,61.8561450672119,81.74372349309576,True,False
2022,115,die_cast,electrical_equipment,55.0088048988044,18.202822937857334,91.18248608873012,55.08506587364546,24.611150350861212,118.6889152875348,0.07626097484106253,0.0013863412408496088,72.97966315087278,94.07776493667359,True,False
2022,116,die_cast,consumer_durables,86.86609605281703,34.711922461589296,140.9587387234247,94.77215436531732,52.7814218398873,163.1740222107946,7.906058312500292,0.09101431596158283,106.24681626183539,110.39260037090729,True,False
2022,117,die_cast,other_end_uses,49.601034001864484,8.516769805684003,94.38925012925142,67.87295058162984,37.535280058612976,124.65342153505645,18.271916579765353,0.3683777354133085,85.87248032356742,87.11814147644347,True,False
2022,118,sand_cast,transportation_auto,200.5968139563537,156.3125036381115,243.91934427597207,196.839974836819,159.14800880274709,240.99347212979927,-3.7568391195347033,-0.018728309016673238,87.60684063786056,81.84546332705219,True,True
2022,119,sand_cast,transportation_other,43.6001914500685,14.26966663409739,72.2498617272077,41.905456066037985,24.69216944893602,69.65201473962264,-1.6947353840305155,-0.03886990693541675,57.98019509311031,44.95984529068662,True,False
2022,120,sand_cast,machine_industry,8.675344763064311,2.9587622108180684,14.58336551746037,8.772660054367368,2.7234542072457075,27.042297863898224,0.09731529130305638,0.011217455209086423,11.624603306642301,24.318843656652515,True,False
2022,121,sand_cast,electrical_equipment,9.452997330285955,2.2215274325257672,16.84023172973715,10.658404400370127,3.7095292064750813,29.86910633448188,1.2054070700841724,0.12751585851211794,14.618704297211384,26.1595771280068,True,False
2022,122,sand_cast,consumer_durables,20.040612816600188,7.199862501585863,32.686893460172705,17.856781942399138,7.880034539917577,40.3331392616852,-2.1838308742010497,-0.1089702642422253,25.487030958586843,32.45310472176762,True,False
2022,123,sand_cast,other_end_uses,12.74284501011074,2.2723976993372,25.036540391001385,16.561487475869615,7.22423482397093,35.89611623502505,3.8186424657588756,0.29966953711898675,22.764142691664183,28.671881411054116,True,False
2022,124,permanent_semi_permanent_mold_cast,transportation_auto,369.50775542126223,303.20002568819683,433.9938218067726,358.74229329751995,289.326898473044,433.4127207279457,-10.765462123742282,-0.02913460398542643,130.79379611857576,144.0858222549017,True,True
2022,125,permanent_semi_permanent_mold_cast,transportation_other,82.19250008616223,42.81421944686225,122.761264195731,71.01308165785476,38.91765301754783,125.09955119395333,-11.179418428307471,-0.1360150672699834,79.94704474886875,86.1818981764055,True,False
2022,126,permanent_semi_permanent_mold_cast,machine_industry,18.228623860200614,4.405237597588492,33.060790123499245,23.450530418515875,7.756940966048914,64.45265719543278,5.221906558315261,0.2864674041421464,28.655552525910753,56.69571622938386,True,False
2022,127,permanent_semi_permanent_mold_cast,electrical_equipment,21.43038192965143,4.445306308354396,38.78733548428898,30.34175955529146,11.316467994778513,76.96888428701966,8.911377625640032,0.415829155770206,34.342029175934584,65.65241629224116,True,False
2022,128,permanent_semi_permanent_mold_cast,consumer_durables,42.64792032479353,14.856762684909064,70.77970776381703,49.200764160159736,23.40229329785105,98.9948056329451,6.552843835366204,0.15364978609652585,55.922945078907965,75.59251233509406,True,False
2022,129,permanent_semi_permanent_mold_cast,other_end_uses,30.503011704874183,10.625104433347348,51.00813687997639,34.63006465724399,15.41616675950424,74.86495199729042,4.127052952369809,0.1352998514474665,40.383032446629045,59.44878523778618,True,False
2022,130,other_cast,other_end_uses,22.836551489518385,17.79947280977313,27.9127414806666,25.78594149158258,18.05092193324214,35.39866418996421,2.949390002064195,0.1291521622000554,10.113268670893472,17.347742256722068,True,False
2022,131,import_mill_semifinished_products,rolling,1216.0463939999195,1139.5080829248227,1291.5314205121238,1366.1513835371811,1251.911795309816,1470.7186544291326,150.10498953726164,0.1234368937549529,152.02333758730106,218.80685911931664,True,True
2022,132,import_mill_semifinished_products,extrusion,9.089824581973073,8.88915308472707,9.590313928889282,43.42729789031516,39.27796752079996,48.19356970182722,34.337473308342084,3.777572713167657,0.7011608441622119,8.91560218102726,False,False
2022,133,import_mill_semifinished_products,drawing,253.43813221920482,228.38607126866614,277.4587571008326,238.6179472584085,171.3632613188836,325.7025154028307,-14.820184960796325,-0.05847653954448333,49.07268583216646,154.33925408394714,True,True
2022,134,import_mill_semifinished_products,other_milling_processes,0.5231619371160854,0.05383598916684492,1.164183175002096,8.170033678968569,1.2157060538965374,52.852275265628265,7.646871741852483,14.616643909542878,1.110347185835251,51.636569211731725,False,False
2022,135,import_mill_semifinished_products,sheet_plate,0.3760114944495181,0.02602709623218181,0.9805873767833206,9.960926223080833,1.473337686368442,63.010581554848166,9.584914728631315,25.491015221924684,0.9545602805511388,61.53724386847972,False,False
2022,136,import_mill_semifinished_products,foil,169.10670579743112,157.09066900621562,181.3278296703514,148.82365642777333,134.91187523388496,163.50343786912387,-20.28304936965779,-0.1199423126008638,24.237160664135786,28.591562635238915,True,True
2022,137,import_mill_semifinished_products,extruded_products,0.26508957563705027,0.012463720393199073,0.8077544981339887,10.016443486440208,1.4355781113920123,71.26743426016682,9.751353910803157,36.785127771883076,0.7952907777407896,69.8318561487748,False,False
2022,138,import_mill_semifinished_products,wire,7.322352419328056,6.613411432677001,8.002521047155405,7.610467505998624,6.952149855572681,8.340774308688738,0.28811508667056795,0.039347339512102744,1.3891096144784036,1.3886244531160576,True,False
2022,139,import_mill_semifinished_products,forging_impacts,0.49984874344016433,0.042251206427678496,1.1127542420858196,6.811626088616236,1.0724650977121266,41.816356086858974,6.311777345176071,12.627374636846794,1.070503035658141,40.74389098914685,True,False
2022,140,import_mill_semifinished_products,powerder_paste,16.586738817267594,15.309857764744725,17.86646975596266,18.325082153917233,16.580533577441223,20.245651854049953,1.7383433366496384,0.10480320187112002,2.5566119912179364,3.6651182766087302,True,False
2022,141,rolling,scrap_rolling,1373.374409059507,855.172707819951,1907.4585684189644,1706.7344150919498,1347.1453613559936,2124.089858794902,333.3600060324429,0.24273060851682055,1052.2858605990134,776.9444974389082,True,True
2022,142,rolling,sheet_plate,4039.7357262642718,3696.433257931493,4387.616853474731,4368.349234263678,4056.6295783613227,4688.5820162166765,328.61350799940647,0.08134529837259687,691.1835955432384,631.9524378553538,True,True
2022,143,rolling,foil,476.0808211605115,392.59585763167,559.9033489393423,477.5644664111254,392.3965008140914,579.8854375051793,1.483645250613904,0.003116372650755638,167.3074913076723,187.48893669108793,True,True
2022,144,rolling,export_milling_semifinished_products,644.3361763893975,568.260837957668,722.2155165645516,325.57601887846425,188.1540314548481,560.4501054567003,-318.7601575109332,-0.4947109431246555,153.9546786068837,372.29607400185216,False,True
2022,145,scrap_rolling,forming_scrap_generated,1377.7038601976224,859.9672477629078,1911.6334364175607,1709.7687048996247,1359.0749904749957,2144.644011710151,332.06484470200235,0.241027737742108,1051.6661886546528,785.5690212351553,True,True
2022,146,extrusion,scrap_extrusion,622.5507838646517,337.6680971370576,910.704700075031,821.8908740082186,565.8150078725712,1145.7779976972643,199.34009014356684,0.3201989224173962,573.0366029379734,579.9629898246931,True,True
2022,147,extrusion,extruded_products,2166.6330040856374,1956.374473442686,2376.834036436577,2308.1396702834577,2096.2058839613796,2514.352805865085,141.50666619782032,0.06531178373586115,420.45956299389127,418.14692190370533,True,True
2022,148,extrusion,export_milling_semifinished_products,72.80041263730268,29.90410058563444,91.10815703515368,76.03367470013109,35.95399432338949,151.91026993578123,3.233262062828402,0.04441268868813649,61.20405644951924,115.95627561239175,True,False
2022,149,scrap_extrusion,forming_scrap_generated,622.8480469902324,337.3729874857491,910.7304075321696,823.4484650650007,572.9533198030108,1161.1286060755347,200.6004180747683,0.3220695947336159,573.3574200464204,588.1752862725239,True,True
2022,150,drawing,scrap_drawing,194.9122641656216,157.98838478095504,233.0359185573328,182.10035263102952,148.8474802360829,220.95966690974527,-12.81191153459207,-0.06573168491699159,75.04753377637775,72.11218667366236,True,True
2022,151,drawing,wire,330.58885966736545,280.65683311368355,381.2912711025413,360.73567949564926,308.39263554888646,414.9960672699172,30.14681982828381,0.09119127564860226,100.63443798885777,106.60343172103074,True,True
2022,152,drawing,export_milling_semifinished_products,11.456943759572981,3.7863969109292204,14.880722585159713,20.462919956470287,13.683723689847392,30.330159933831236,9.005976196897306,0.7860714328262508,11.094325674230493,16.646436243983842,True,False
2022,153,scrap_drawing,forming_scrap_generated,195.41678015316637,158.09922463428927,233.51889703497457,182.60340094091947,150.15310950412874,222.5386051157251,-12.8133792122469,-0.06556949307118795,75.4196724006853,72.38549561159635,True,True
2022,154,other_milling_processes,scrap_other_milling_processes,166.22479893465052,94.26351344180573,234.03166430062146,174.3184491034267,136.09007018294506,223.5760141091818,8.093650168776179,0.04869099087891278,139.76815085881572,87.48594392623676,True,True
2022,155,other_milling_processes,forging_impacts,134.56919077203924,116.13023620903195,153.26816117001593,143.85156574341045,123.58192604301783,167.32543311677435,9.282374971371212,0.06897845575288919,37.13792496098398,43.74350707375652,True,True
2022,156,other_milling_processes,powerder_paste,38.60192146052087,27.261963490044938,49.50529321453162,39.12341568220128,30.029915221435388,50.87601403158858,0.5214942216804133,0.01350954050859251,22.24332972448668,20.846098810153194,True,False
2022,157,other_milling_processes,export_milling_semifinished_products,13.377924522444918,13.169613367250557,13.895412042980588,2.4363856455490787,0.4066638900388607,13.642904766963838,-10.941538876895839,-0.8178801471437954,0.7257986757300312,13.236240876924978,True,False
2022,158,scrap_other_milling_processes,forming_scrap_generated,166.3849258929856,94.37831313097946,234.2958947376344,175.40373051880675,137.43271351054503,225.88153656912746,9.018804625821161,0.05420445738949825,139.91758160665495,88.44882305858243,True,True
2022,159,sheet_plate,scrap_sheet_plate,789.4794283637285,674.794218429599,902.6497536199519,822.81056770856,745.1179459905455,907.7251432021675,33.33113934483151,0.04221913598675203,227.85553519035284,162.60719721162195,True,True
2022,160,sheet_plate,building_construction,140.71098718853423,17.096093430299444,293.3112228966354,237.31897774650355,140.16447527823559,395.03845445895007,96.60799055796932,0.6865703417212708,276.21512946633595,254.87397918071449,True,True
2022,161,sheet_plate,transportation_auto,720.3704020012474,587.6270904263278,852.1685037725473,736.0546697258347,555.0754796198815,968.0972215488175,15.684267724587357,0.021772504368607025,264.54141334621954,413.02174192893597,True,True
2022,162,sheet_plate,transportation_other,507.76102387614026,406.07888017358624,613.0365085499933,518.7749436981179,383.1388221739322,707.0755936768771,11.013919821977652,0.021691148599590645,206.95762837640706,323.9367715029449,True,True
2022,163,sheet_plate,machine_industry,236.64337833695657,174.35517906398204,297.9356732586267,262.87661746357435,172.12836188191474,401.8575641568969,26.233239126617775,0.1108555807095699,123.58049419464467,229.72920227498216,True,True
2022,164,sheet_plate,electrical_equipment,160.765190356797,126.02721053453193,194.71363808629297,176.02339624639978,95.06401288687827,325.7437702255864,15.258205889602777,0.09490988600044085,68.68642755176104,230.6797573387081,True,True
2022,165,sheet_plate,consumer_durables,231.15731675988405,170.53013186092707,292.65392087633063,266.4083812081343,163.36496297006954,425.07899431896425,35.25106444825025,0.15249815555208007,122.12378901540356,261.7140313488947,True,True
2022,166,sheet_plate,container_packages,1229.4220092349412,1032.0811015351371,1435.7941883278836,1294.7772117473776,1077.3407769118319,1538.4104596992986,65.35520251243634,0.053159291131534496,403.7130867927465,461.0696827874667,True,True
2022,167,sheet_plate,other_end_uses,29.043848109811044,21.387260015059194,36.759961858606964,38.512094791908424,11.819944220013516,122.5639629756954,9.46824668209738,0.3259983541540074,15.37270184354777,110.74401875568189,True,False
2022,168,scrap_sheet_plate,fabrication_scrap_generated,786.3611667382158,672.4260700169515,899.581055433849,833.4857277301717,757.6609138824389,918.6458366286759,47.12456099195583,0.05992737559437986,227.1549854168975,160.98492274623698,True,True
2022,169,foil,scrap_foil,27.191278873993156,20.225661883182898,34.07561216658258,31.10888195161715,25.12097451801161,38.38761850338109,3.917603077623994,0.14407571985777207,13.849950283399682,13.26664398536948,True,False
2022,170,foil,building_construction,21.376512654118613,7.393122737300976,34.92107384424368,18.183774234838467,8.506729187696168,40.58128395630786,-3.192738419280147,-0.14935730962950133,27.5279511069427,32.07455476861169,True,False
2022,171,foil,transportation_auto,35.071339721546394,27.1492168222838,42.96105808689018,36.20832116265153,20.5503076866576,62.69149413251544,1.136981441105135,0.03241910489112625,15.811841264606382,42.14118644585784,True,False
2022,172,foil,transportation_other,11.661273329903999,9.130372420909273,14.199914088061497,13.119954705773814,5.287536099060129,32.03128883024552,1.4586813758698156,0.1250876584917356,5.069541667152224,26.743752731185392,True,False
2022,173,foil,machine_industry,3.057713406331592,2.36710128190723,3.7478399298423186,5.741332080558243,1.3531337097939051,22.80329249924885,2.6836186742266506,0.8776553972225437,1.3807386479350887,21.450158789454946,True,False
2022,174,foil,electrical_equipment,5.065346436051509,3.903167961557497,6.239221635521078,7.6425539150953075,2.0538396297784725,26.879958666582073,2.577207479043799,0.5087919477137993,2.336053673963581,24.8261190368036,True,False
2022,175,foil,consumer_durables,136.90197594842834,112.79465624760344,161.27133114713783,127.52920545589501,93.67218767111848,174.485035760049,-9.372770492533334,-0.06846336897331638,48.47667489953439,80.81284808893051,True,True
2022,176,foil,container_packages,402.05232685321073,336.27860193556006,468.0532059571191,376.1874304051416,310.18008361608975,452.4550257255566,-25.864896448069146,-0.06433216454810475,131.774604021559,142.27494210946685,True,True
2022,177,foil,other_end_uses,0.8783756935744168,0.6460093964291077,1.117996372886917,3.6351768210091953,0.6490430129355135,19.453876564286553,2.7568011274347786,3.1385216458078364,0.4719869764578092,18.804833551351038,True,False
2022,178,scrap_foil,fabrication_scrap_generated,27.117078242199376,20.122581950306557,33.95244381669447,31.68392467612853,25.723264930064683,38.940404473172414,4.566846433929154,0.16841218634027705,13.829861866387912,13.21713954310773,True,False
2022,179,extruded_products,scrap_extruded_products,109.60371541858075,87.51867343182317,132.2237836117478,104.26795926781455,84.63444071193864,128.87146942515048,-5.335756150766201,-0.048682256166123074,44.70511017992462,44.23702871321184,True,True
2022,180,extruded_products,building_construction,705.6137262777385,583.7647610008797,829.0001562871662,775.9572864319239,635.6775234435901,931.6124580340077,70.34356015418541,0.09969131485758158,245.23539528628646,295.9349345904176,True,True
2022,181,extruded_products,transportation_auto,257.6544064624494,203.79492536454364,310.1661495095297,268.91735578424266,183.80988329984413,386.48755658707483,11.262949321793258,0.0437133968575644,106.37122414498606,202.6776732872307,True,True
2022,182,extruded_products,transportation_other,385.12480018232793,311.8785353528404,458.8628307664972,413.1836727705154,306.4738004154968,538.8485855652216,28.058872588187455,0.07285657162276661,146.9842954136568,232.3747851497248,True,True
2022,183,extruded_products,machine_industry,186.09161755395547,139.6524513902373,231.9869875166412,222.61515627664198,151.5551459493856,325.179146971988,36.52353872268651,0.19626643694521523,92.33453612640389,173.6240010226024,True,True
2022,184,extruded_products,electrical_equipment,238.9948129908772,192.23485016082685,285.3790926001225,247.69312320756225,170.78238264632395,358.47636397773294,8.698310216685059,0.03639539330511364,93.14424243929562,187.693981331409,True,True
2022,185,extruded_products,consumer_durables,256.00268176310266,208.26158852270635,303.3606869821211,234.0770773293052,156.6544364787676,342.9300814274027,-21.925604433797446,-0.0856459951231556,95.09909845941473,186.2756449486351,True,True
2022,186,extruded_products,other_end_uses,38.66784001973981,29.587973901284677,47.570624053081254,40.300186355542124,16.390036649107415,97.69348019594199,1.6323463358023105,0.04221457249665362,17.982650151796577,81.30344354683457,True,False
2022,187,scrap_extruded_products,fabrication_scrap_generated,110.14608107883075,88.04560499611533,132.71581723053205,105.55491358578269,85.90901427897589,130.6736773353187,-4.5911674930480615,-0.04168253148981484,44.670212234416724,44.76466305634281,True,True
2022,188,wire,building_construction,7.471366025398394,0.717666294385445,17.025158322881527,13.30769018866662,6.3592345874782525,27.44080944079031,5.836324163268225,0.7811589130325087,16.307492028496082,21.08157485331206,True,False
2022,189,wire,transportation_other,10.382376255371401,7.624831118782227,13.162707861239126,10.040062438720536,4.420539877499905,22.804289379823786,-0.342313816650865,-0.03297066184379192,5.537876742456898,18.38374950232388,True,False
2022,190,wire,machine_industry,8.926687610772447,7.0026587853574185,10.836971025866262,7.696298934714247,2.9495355822750122,19.81429070344002,-1.2303886760582001,-0.1378326126897737,3.8343122405088437,16.864755121165008,True,False
2022,191,wire,electrical_equipment,296.2909721104887,247.69103488265534,345.4082920564719,321.6798846295604,273.4260567863121,375.64804751221743,25.388912519071653,0.08568911951054645,97.71725717381656,102.22199072590536,True,True
2022,192,wire,consumer_durables,9.855537940191153,7.576110648388386,12.172185080119451,8.50295787991086,3.4957040322607287,20.526810891140016,-1.3525800602802942,-0.1372406121805321,4.596074431731065,17.031106858879287,True,False
2022,193,wire,other_end_uses,5.707682761206795,4.5607447902467495,6.85146193014067,5.100258441731175,1.5469050086548295,15.92040955724508,-0.6074243194756193,-0.1064222285800603,2.2907171398939203,14.373504548590251,True,False
2022,194,forging_impacts,transportation_auto,30.067836097451675,24.498404656481604,35.826059832052714,33.71245092337636,25.037038563002643,44.523582726634515,3.644614825924684,0.12121307346868151,11.32765517557111,19.486544163631873,True,False
2022,195,forging_impacts,transportation_other,84.57535680839058,70.21047941743159,99.04523111020639,92.45428915089101,77.40325313558587,109.9539426933019,7.878932342500434,0.09315872424104013,28.8347516927748,32.55068955771603,True,False
2022,196,forging_impacts,machine_industry,4.490406558757372,3.470726792686376,5.503638610403579,5.230872236318376,2.4862352792840063,10.8729892206935,0.7404656775610041,0.16489947354920861,2.0329118177172028,8.386753941409493,True,False
2022,197,forging_impacts,electrical_equipment,0.4386921910554221,0.33214624058833064,0.5437852501233877,1.1890308570622932,0.251650826195362,5.752078941667349,0.750338666006871,1.7103989569581308,0.2116390095350571,5.500428115471987,True,False
2022,198,forging_impacts,consumer_durables,10.700898146192344,8.582234282919105,12.790427814278496,10.640439649441067,6.35296150231021,17.589296568034808,-0.060458496751277124,-0.0056498525567958814,4.208193531359392,11.236335065724598,True,False
2022,199,forging_impacts,container_packages,0.07974998391620672,0.005401301648317346,0.2080137096271818,0.830129992265217,0.12393567398240884,5.4040979741192094,0.7503800083490103,9.409155607321932,0.20261240797886446,5.2801623001368005,True,False
2022,200,forging_impacts,other_end_uses,4.61885230969498,3.593308082883597,5.638792114707246,5.221425978651001,2.467117748431281,10.447485681117497,0.6025736689560208,0.13045960956387748,2.045484031823649,7.980367932686216,True,False
2022,201,powerder_paste,other_end_uses,55.02216273139402,43.708191194227815,65.9213579621127,57.985792275496046,48.40777959967266,69.26629037160073,2.9636295441020266,0.05386246917573575,22.21316676788488,20.858510771928074,True,False
2022,202,import_finished_consumption,building_construction,193.42936340229642,169.9056281451132,217.6966993658854,204.8766735502224,127.11498068816809,320.3351278155483,11.447310147925975,0.059180829355870546,47.79107122077218,193.2201471273802,True,True
2022,203,import_finished_consumption,transportation_auto,653.4084035140036,586.2042599618733,719.8841260417564,632.0461703853282,492.8730387955161,796.1561636662454,-21.36223312867537,-0.0326935390083601,133.67986607988314,303.28312487072935,True,True
2022,204,import_finished_consumption,transportation_other,224.84840423454295,198.8862908668537,250.6602959967108,224.09709594735597,144.71533187279644,348.64099346965475,-0.751308287186987,-0.003341399240722586,51.7740051298571,203.9256615968583,True,True
2022,205,import_finished_consumption,machine_industry,246.44868712743906,217.59592921904832,274.7663906842569,236.5689615859432,161.48018892839102,347.5563051988174,-9.879725541495844,-0.040088367508271695,57.170461465208604,186.0761162704264,True,True
2022,206,import_finished_consumption,electrical_equipment,512.8399610248323,456.8316405651074,567.1091601865603,548.7823320382172,430.42171225100316,684.4077996547305,35.9423710133849,0.07008496557397666,110.27751962145288,253.98608740372737,True,True
2022,207,import_finished_consumption,consumer_durables,924.2043342122721,836.8973031808163,1011.3470735321999,873.5167139842963,731.1303689254597,1026.6072003723582,-50.6876202279758,-0.054844603462261866,174.44977035138368,295.4768314468985,True,True
2022,208,import_finished_consumption,container_packages,0.5326824968964273,0.056392715109693625,1.1461057260465914,13.351370049285318,1.9201769796712271,94.13983274827072,12.81868755238889,24.064405395473894,1.0897130109368978,92.2196557685995,False,False
2022,209,import_finished_consumption,other_end_uses,0.2838239405203114,0.015367236240019781,0.8182069609962798,11.376614400740634,1.686346850024331,73.22665828193152,11.092790460220321,39.083350191970446,0.80283972475626,71.54031143190718,False,False
2022,210,building_construction,export_finished_consumption,44.769363857657126,20.16691751274679,69.99395785394867,62.99132713154984,27.582582766333044,134.72354614910836,18.22196327389271,0.40701858824326625,49.82704034120188,107.14096338277531,True,False
2022,211,building_construction,consumption_building_construction,1050.9482327412406,880.0113095505051,1237.9041276818466,1223.3940032178687,1045.0388170652684,1426.772689473844,172.445770476628,0.16408588463660967,357.8928181313415,381.7338724085755,True,True
2022,212,transportation_auto,export_finished_consumption,863.034792718367,474.8706612410647,1245.0050225844357,915.793824538149,423.5964775490336,1659.9150193624196,52.75903181978197,0.061131987105181224,770.134361343371,1236.318541813386,True,True
2022,213,transportation_auto,consumption_transportation_auto,2300.2935285692197,1876.3105465769406,2730.7638830810565,2329.000781911538,1595.6027466555865,2857.909994217545,28.70725334231838,0.012479821807860437,854.4533365041159,1262.3072475619583,True,True
2022,214,transportation_other,export_finished_consumption,228.13078254707688,111.55910544997595,345.355710159885,265.53981847982334,120.66932297121242,517.2389084768319,37.40903593274646,0.16398065844107104,233.79660470990905,396.56958550561944,True,True
2022,215,transportation_other,consumption_transportation_other,1281.9572418048228,1100.9655098232574,1464.6491695282177,1283.845503268546,1022.5124176364388,1506.9628815991553,1.888261463723211,0.0014729519847828884,363.6836597049603,484.4504639627164,True,True
2022,216,machine_industry,export_finished_consumption,116.46563767156563,52.79760661497177,180.41211392333602,147.3620850899388,64.73499645413555,298.18092479930027,30.89644741837317,0.26528380418524383,127.61450730836425,233.4459283451647,True,True
2022,217,machine_industry,consumption_machine_industry,641.4111989192581,542.0678390296384,740.3510682436583,675.7739471103325,519.5395501723813,800.1325683262229,34.36274819107439,0.05357366420943958,198.2832292140199,280.5930181538416,True,True
2022,218,electrical_equipment,export_finished_consumption,304.14142392320787,171.51146324566128,439.2934131707243,303.08939312500166,136.67672378983667,574.4181612010774,-1.0520307982062036,-0.003459018454756196,267.78194992506303,437.7414374112407,True,True
2022,219,electrical_equipment,consumption_electrical_equipment,999.58072158761,842.9980316591233,1162.1003464251905,1108.967139446801,839.2150929133859,1305.3450287067055,109.38641785919094,0.10943230046039217,319.10231476606725,466.12993579331965,True,True
2022,220,consumer_durables,export_finished_consumption,228.7687766453216,124.19160226265366,332.56956199030094,250.2279606217208,121.34315783472448,470.0977126480268,21.459183976399203,0.09380294064197878,208.3779597276473,348.7545548133023,True,True
2022,221,consumer_durables,consumption_consumer_durables,1497.4506327582972,1342.4527163913042,1650.6165538381526,1447.4474938852954,1209.8126754708576,1644.0007338644768,-50.00313887300172,-0.03339217853272142,308.16383744684845,434.18805839361926,True,True
2022,222,container_packages,export_finished_consumption,0.21429175008565443,0.008522662213659231,0.7163803949483858,8.856462947374379,1.2300619942156905,57.84418365568633,8.642171197288723,40.3289963044978,0.7078577327347265,56.61412166147064,False,False
2022,223,container_packages,consumption_container_packages,1634.7146122267718,1424.8166850152247,1850.8969695918609,1692.1253936525359,1486.259135894129,1941.4154954852413,57.41078142576407,0.0351197579053633,426.08028457663613,455.1563595911123,True,True
2022,224,other_end_uses,export_finished_consumption,0.44801598526696107,0.03576806047011126,1.0658317998718363,1.9972665599109218,0.35530066695423745,11.505439240939008,1.5492505746439607,3.458025216936852,1.0300637394017251,11.150138573984771,True,False
2022,225,other_end_uses,consumption_other_end_uses,249.4336146707502,199.5597404127159,302.68483630568653,307.4586084514351,251.14856550401177,373.9669010338086,58.02499378068492,0.2326270012054202,103.12509589297062,122.81833552979683,True,True
2022,226,eol_scrap_building_construction,eol_scrap_generated,240.81915821073562,81.18328083383,427.0433779079233,267.15007013503737,131.47362312497577,518.9080678582757,26.330911924301745,0.10933894180154942,345.8600970740933,387.43444473329987,True,True
2022,227,eol_scrap_transportation_auto,eol_scrap_generated,779.094567625626,318.18435632935143,1514.781213526981,1097.7510130080473,580.6272699824552,1995.7755989398534,318.6564453824212,0.4090086860104298,1196.5968571976296,1415.148328957398,True,True
2022,228,eol_scrap_transportation_other,eol_scrap_generated,571.590704539509,223.6874869839331,918.818133310965,484.5655478366336,244.44081325381373,1006.9318420761782,-87.02515670287545,-0.15225082565502107,695.1306463270319,762.4910288223645,True,True
2022,229,eol_scrap_machine_industry,eol_scrap_generated,214.6951052940176,73.26146367099058,398.6183450189797,260.20711340903694,131.46339159346664,545.3777113329514,45.51200811501934,0.21198437688037744,325.35688134798914,413.91431973948477,True,True
2022,230,eol_scrap_electrical_equipment,eol_scrap_generated,274.1107419793459,96.98342236179006,518.7916977627482,331.21043168731813,160.319726352249,666.7065756498009,57.09968970797223,0.2083088364055235,421.8082754009581,506.3868492975519,True,True
2022,231,eol_scrap_consumer_durables,eol_scrap_generated,779.3797513975505,280.9906773790088,1334.0889404532215,765.1562843615786,374.133883303518,1509.6412923472872,-14.223467035971908,-0.018249726157841532,1053.0982630742128,1135.5074090437693,True,True
2022,232,eol_scrap_container_packages,eol_scrap_generated,1630.815578494096,1396.103244697319,1866.1734259150992,1647.5638539917259,1428.9215540115667,1902.2859172662497,16.748275497629947,0.010269877059364,470.07018121778015,473.364363254683,True,True
2022,233,eol_scrap_other_end_uses,eol_scrap_generated,162.69364229725988,59.113962085132385,347.0608102355311,276.3056633242302,140.253859520906,563.8118010724687,113.6120210269703,0.6983187506453887,287.94684815039875,423.55794155156275,True,True
